nom,date,provincial_management_en,ner_json,emotion_json
Ituri,05-06-2026,"Patients in bed on D-1 totaled 236. There were 37 admissions in 24 hours. Discharges included 7 deaths, 5 non-cases/recovered, and 10 escapes. Patients in isolation at the end of the day numbered 251 (83 confirmed, 168 suspected).","[{""type"": ""MISC"", ""value"": ""D - 1"", ""score"": 0.9827}]","{""label"": ""neutral"", ""score"": 0.7682}"
North-Kivu,05-06-2026,"Patients in bed on D-1 totaled 8. There were 7 admissions in 24 hours. There were no discharges (0 deaths, 0 non-cases/recovered, 0 escapes). Patients in isolation at the end of the day numbered 9 (5 confirmed, 4 suspected).","[{""type"": ""MISC"", ""value"": ""D - 1"", ""score"": 0.9825}]","{""label"": ""neutral"", ""score"": 0.7234}"
South-Kivu,05-06-2026,"Patients in bed on D-1 totaled 7. There were 0 admissions in 24 hours. There were no discharges (0 deaths, 0 non-cases/recovered, 0 escapes). Patients in isolation at the end of the day numbered 7 (1 confirmed, 6 suspected).","[{""type"": ""MISC"", ""value"": ""D - 1"", ""score"": 0.9837}]","{""label"": ""neutral"", ""score"": 0.7617}"
Ituri,06-06-2026,"257 start, +29 admits, –26 discharges (7 deaths, 13 recovered, 6 escapes) = 260 (99 confirmed, 161 suspected). MHPSS: new confirmed 6 (22.2%), under follow-up 16 (20.0%); new suspected 9 (31.0%), under follow-up 18 (13.6%). 43 results (14 positive, 32.6%). Also: 9 separated children, 40 CTE companions, 15 PPL, 40 households.",[],"{""label"": ""neutral"", ""score"": 0.7417}"
North-Kivu,06-06-2026,,,
South-Kivu,06-06-2026,"Start 7 → 7 isolated (1 confirmed, 6 suspected). MHPSS: confirmed F/U 3 (100%), suspected F/U 3 (100%), separated children (crèche 3), CTE 6, PPL 6, households 4, dignity kits 1. Additional: confirmed F/U 3 (100%), suspected F/U 878 (100%), separated children (crèche 1), ETC caregivers 12, households 70.","[{""type"": ""ORG"", ""value"": ""ETC"", ""score"": 0.9718}]","{""label"": ""neutral"", ""score"": 0.6311}"
Ituri,08-06-2026,"13 deaths, 5 orphanage children non-cases, 3 recoveries (cumulative 22); census 286→266 (106 confirmed, 160 suspected) with +27 admits, –47 discharges; MHPSS: confirmed 9.7%/31.3%, suspected 18.5%/24.1%, crèche 100%, 7 CTE, 14 PPL; lab: 110 results (4 positive, 36.4%).",[],"{""label"": ""neutral"", ""score"": 0.6036}"
North-Kivu,08-06-2026,"Start: 17 patients, +7 admissions, 0 discharges → 24 isolated (6 confirmed, 18 suspected). MHPSS: confirmed under follow-up 6 (100%), suspected under follow-up 28 (100%). Lab: 5 results announced. Also: 10 ETC companions and 16 PPL received MHPSS interventions.","[{""type"": ""ORG"", ""value"": ""ET"", ""score"": 0.8145}]","{""label"": ""neutral"", ""score"": 0.5342}"
South-Kivu,08-06-2026,"Patients in bed on D-1 totaled 7, with 0 admissions and no discharges (0 deaths, 0 non-cases/recovered, 0 escapes, 0 transferred), ending with 7 patients in isolation (1 confirmed, 6 suspected). MHPSS interventions reached 100% of new confirmed cases (1), 100% of confirmed cases under follow-up (5), and 100% of separated children in crèche (4).","[{""type"": ""MISC"", ""value"": ""D - 1"", ""score"": 0.9698}, {""type"": ""ORG"", ""value"": ""M"", ""score"": 0.8513}, {""type"": ""ORG"", ""value"": ""##HPSS"", ""score"": 0.5196}]","{""label"": ""neutral"", ""score"": 0.8236}"
Ituri,09-06-2026,"There were 31 admissions. Deaths totaled 7, recoveries 22, and escapes 9. A total of 237 patients were in isolation (111 confirmed, 126 suspected). The occupancy rate was 75.2%.",[],"{""label"": ""neutral"", ""score"": 0.5101}"
North-Kivu,09-06-2026,"A total of 17 patients were in isolation (5 confirmed, 12 suspected). The occupancy rate was 23.9%.",[],"{""label"": ""neutral"", ""score"": 0.592}"
South-Kivu,09-06-2026,"A total of 6 patients were in isolation (1 confirmed, 5 suspected). The occupancy rate was 42.8%.",[],"{""label"": ""neutral"", ""score"": 0.5236}"
Ituri,11-06-2026,"Admissions: 47. Deaths: 7, Recoveries/Non-cases: 7, Escapes: 4, Transfers: 4. In isolation: 272 (131 confirmed, 141 suspected). Occupancy rate: 77.9%. 25% new confirmed, 38.2% confirmed under follow-up, 14.9% new suspected, 12.8% suspected under follow-up received MHPSS. 120 results announced (50 positive). 14 children in crèche (100%), 16 children in community received MHPSS.",[],"{""label"": ""neutral"", ""score"": 0.8239}"
North-Kivu,11-06-2026,"Admissions: 18. Deaths: 0, Recoveries/Non-cases: 0, Escapes: 0, Transfers: 0. In isolation: 31 (6 confirmed, 25 suspected). Occupancy rate: 43.7%. 60% confirmed under follow-up, 100% new suspected, 90.9% suspected under follow-up received MHPSS.",[],"{""label"": ""neutral"", ""score"": 0.7171}"
South-Kivu,11-06-2026,"Admissions: 10. Deaths: 0, Recoveries/Non-cases: 5, Escapes: 0, Transfers: 0. In isolation: 12 (1 confirmed, 11 suspected). Occupancy rate: 37.5%. 100% confirmed and suspected under follow-up received MHPSS.",[],"{""label"": ""neutral"", ""score"": 0.7633}"
Ituri,15-06-2026,"Admissions: 47. Deaths: 14, Non-cases: 17, Recoveries: 6, Escapes: 6. In isolation: 321 (152 confirmed, 169 suspected). Occupancy rate: 97.3%. 10% new confirmed, 40.2% confirmed under follow-up, 42.6% new suspected, 43.5% suspected under follow-up received MHPSS. 132 results announced (31 positive). 1 child in crèche (100%) received MHPSS. 36 CTE companions, 91 PPL, 101 households/communities, 30 SDBs supported.",[],"{""label"": ""neutral"", ""score"": 0.8459}"
North-Kivu,15-06-2026,"Admissions: 7. Deaths: 0, Non-cases: 0, Recoveries: 0, Escapes: 0. In isolation: 45 (15 confirmed, 30 suspected). Occupancy rate: 63.4%. 100% confirmed under follow-up, 100% new suspected, 100% suspected under follow-up received MHPSS. 1 child in crèche (100%), 13 children in community received MHPSS. 7 CTE companions, 14 PPL, 12 households/communities.",[],"{""label"": ""neutral"", ""score"": 0.8299}"
South-Kivu,15-06-2026,"Admissions: 7. Deaths: 0, Non-cases: 3, Recoveries: 0, Escapes: 0. In isolation: 10 (1 confirmed, 9 suspected). Occupancy rate: 31.3%. 100% new confirmed, 100% suspected under follow-up received MHPSS.",[],"{""label"": ""neutral"", ""score"": 0.7284}"
Ituri,16-06-2026,"Admissions: 47. Deaths: 8, Non-cases: 23, Recoveries: 18, Escapes: 1. In isolation: 318 (138 confirmed, 180 suspected). Occupancy rate: 96.4%. 28.5% new confirmed, 25.9% confirmed under follow-up, 19.1% new suspected, 27% suspected under follow-up received MHPSS. 70 results announced (30 positive). 44 CTE companions, 288 PPL, 69 households/communities.",[],"{""label"": ""neutral"", ""score"": 0.8418}"
North-Kivu,16-06-2026,"Admissions: 11. Deaths: 9, Non-cases: 0, Recoveries: 0, Escapes: 0. In isolation: 46 (13 confirmed, 33 suspected). Occupancy rate: 64.8%. 100% confirmed under follow-up, 100% new suspected, 100% suspected under follow-up received MHPSS. 9 children in community received MHPSS. 3 CTE companions, 15 PPL, 20 households/communities.",[],"{""label"": ""neutral"", ""score"": 0.813}"
South-Kivu,16-06-2026,"Admissions: 9. Deaths: 0, Non-cases: 4, Recoveries: 0, Escapes: 0. In isolation: 15 (1 confirmed, 14 suspected). Occupancy rate: 46.9%. 41.7% confirmed under follow-up, 62.5% new suspected, 28.1% suspected under follow-up received MHPSS. 11 results announced.",[],"{""label"": ""neutral"", ""score"": 0.7528}"
Ituri,18-06-2026,"Admissions: 53. Deaths: 16, Non-cases: 19, Recoveries: 2, Escapes: 2. In isolation: 349 (139 confirmed, 210 suspected). Occupancy rate: 103.3% (overcapacity). 100% new confirmed, 57.6% confirmed under follow-up, 50% new suspected, 80.3% suspected under follow-up received MHPSS. 10 results announced (3 positive). 1 child in crèche received MHPSS. 71 CTE companions, 35 PPL, 37 households/communities, 2 SDBs supported.",[],"{""label"": ""neutral"", ""score"": 0.8649}"
North-Kivu,18-06-2026,"Admissions: 8. Deaths: 0, Non-cases: 0, Recoveries: 0, Escapes: 0. In isolation: 56 (22 confirmed, 34 suspected). Occupancy rate: 78.9%. 100% new suspected received MHPSS. 25 PPL received MHPSS",[],"{""label"": ""neutral"", ""score"": 0.7788}"
South-Kivu,18-06-2026,"Admissions: 9. Deaths: 0, Non-cases: 1, Recoveries: 0, Escapes: 0. In isolation: 14 (1 confirmed, 13 suspected). Occupancy rate: 34.4%. 45.5% new confirmed, 36.7% confirmed under follow-up, 40% new suspected, 36.9% suspected under follow-up received MHPSS. 6 children in community received MHPSS. 52 CTE companions, 28 PPL, 12 households/communities.",[],"{""label"": ""neutral"", ""score"": 0.7984}"
Ituri,19-06-2026,"Admissions: 59. Deaths: 5, Non-cases: 16, Recoveries: 12, Escapes: 5. In isolation: 307 (124 confirmed, 183 suspected). Occupancy rate: 90.8%. 40% new confirmed, 37.6% confirmed under follow-up, 2.7% new suspected, 20.7% suspected under follow-up received MHPSS. 25 results announced (10 positive). 42 CTE companions, 165 PPL, 35 households/communities, 1 SDB supported.","[{""type"": ""ORG"", ""value"": ""SD"", ""score"": 0.7237}]","{""label"": ""neutral"", ""score"": 0.8398}"
North-Kivu,19-06-2026,"Admissions: 6. Deaths: 0, Non-cases: 8, Recoveries: 0, Escapes: 0. In isolation: 54 (24 confirmed, 30 suspected). Occupancy rate: 76.1%. 100% new suspected, 100% suspected under follow-up received MHPSS. 16 children in community received MHPSS. 12 CTE companions, 21 PPL, 20 households/communities.",[],"{""label"": ""neutral"", ""score"": 0.7821}"
South-Kivu,19-06-2026,"100% confirmed under follow-up, 100% new suspected, 100% suspected under follow-up received MHPSS.",[],"{""label"": ""neutral"", ""score"": 0.6271}"
Ituri,22-06-2026,"3 patients declared recovered. Nutritional follow-up: 556 hot meals served (80 suspected, 76 confirmed, 41 companions, 359 PPL). Admissions: 57. Deaths: 14, Non-cases: 16, Recoveries: 3, Escapes: 1. In isolation: 321 (173 confirmed, 148 suspected). Occupancy rate: 87.0%. 11.1% new confirmed, 38.9% confirmed under follow-up, 17.7% new suspected, 30.9% suspected under follow-up received MHPSS. 26 results announced (4 positive). 8 children in crèche (100%) received MHPSS. 29 CTE companions, 75 PPL, 62 households/communities.",[],"{""label"": ""neutral"", ""score"": 0.847}"
North-Kivu,22-06-2026,"Admissions: 36. Deaths: 0, Non-cases: 7, Recoveries: 0, Escapes: 0. In isolation: 56 (17 confirmed, 39 suspected). Occupancy rate: 54.4%. 33.3% new confirmed, 100% confirmed under follow-up, 100% new suspected, 100% suspected under follow-up received MHPSS. 13 children in community received MHPSS. 22 CTE companions, 18 PPL, 8 households/communities. 3 SDBs supported.",[],"{""label"": ""neutral"", ""score"": 0.8503}"
South-Kivu,22-06-2026,"Admissions: 0. Deaths: 0, Non-cases: 0, Recoveries: 0, Escapes: 0. In isolation: 10 (0 confirmed, 10 suspected). Occupancy rate: 31.3%.",[],"{""label"": ""neutral"", ""score"": 0.7023}"
Ituri,23-06-2026,"7 patients declared recovered. Cumulative recovered: 122 (113 Ituri, 7 North Kivu, 2 South Kivu). 2 recovered PPL readmitted to Rwampara ETC (1 became positive again). Admissions: 46. Deaths: 9, Non-cases: 14, Recoveries: 7, Escapes: 0. In isolation: 337 (175 confirmed, 162 suspected). Occupancy rate: 91.3%. Meals served: 724 (163 confirmed, 146 suspected, 353 PPL, 62 companions). 100% new confirmed, 47.7% confirmed under follow-up, 26.9% new suspected, 43.1% suspected under follow-up received MHPSS. 26 results announced (16 positive). 2 children in crèche (100%). 34 CTE companions, 7 PPL, 8 households/communities.","[{""type"": ""LOC"", ""value"": ""It"", ""score"": 0.3765}, {""type"": ""LOC"", ""value"": ""North Kivu"", ""score"": 0.9948}, {""type"": ""LOC"", ""value"": ""South Kivu"", ""score"": 0.9898}, {""type"": ""ORG"", ""value"": ""Rwampara ETC"", ""score"": 0.9452}]","{""label"": ""neutral"", ""score"": 0.8556}"
North-Kivu,23-06-2026,"Admissions: 8. Deaths: 0, Non-cases: 5, Recoveries: 0, Escapes: 0. In isolation: 59 (17 confirmed, 42 suspected). Occupancy rate: 57.3%. 100% new confirmed, 100% confirmed under follow-up, 100% new suspected, 100% suspected under follow-up received MHPSS. 6 results announced (1 positive). 15 CTE companions, 6 PPL, 32 households/communities. 4 SDBs supported.",[],"{""label"": ""neutral"", ""score"": 0.8638}"
South-Kivu,23-06-2026,"Admissions: 7. Deaths: 0, Non-cases: 5, Recoveries: 0, Escapes: 0. In isolation: 12 (0 confirmed, 12 suspected). Occupancy rate: 37.5%. 100% suspected under follow-up received MHPSS. 1 child in crèche (100%), 31 children in community. 4 CTE companions, 22 PPL.",[],"{""label"": ""neutral"", ""score"": 0.5929}"
Ituri,24-06-2026,"16 patients declared recovered. Cumulative recovered: 138 (129 Ituri, 7 North Kivu, 2 South Kivu). 8 deaths recorded in ETCs (4 Bunia, 2 Mongbwalu, 1 Nyankunde, 1 Rwampara). Admissions: 59. Deaths: 14, Non-cases: 37, Recoveries: 16, Escapes: 1. In isolation: 313 (188 confirmed, 125 suspected). Occupancy rate: 85.3%. Meals served: 660 (111 confirmed, 100 suspected, 387 PPL, 62 companions). 30% new confirmed, 55.7% confirmed under follow-up, 22.6% new suspected, 52.9% suspected under follow-up received MHPSS. 17 results announced (6 positive). 64 CTE companions, 0 PPL, 5 households/communities.","[{""type"": ""LOC"", ""value"": ""It"", ""score"": 0.3348}, {""type"": ""LOC"", ""value"": ""North Kivu"", ""score"": 0.9937}, {""type"": ""LOC"", ""value"": ""South Kivu"", ""score"": 0.9888}, {""type"": ""ORG"", ""value"": ""B"", ""score"": 0.4176}, {""type"": ""ORG"", ""value"": ""Mon"", ""score"": 0.3908}, {""type"": ""ORG"", ""value"": ""N"", ""score"": 0.6005}, {""type"": ""ORG"", ""value"": ""R"", ""score"": 0.5971}, {""type"": ""LOC"", ""value"": ""##mp"", ""score"": 0.5521}, {""type"": ""ORG"", ""value"": ""##ara"", ""score"": 0.7174}]","{""label"": ""neutral"", ""score"": 0.8297}"
North-Kivu,24-06-2026,"Admissions: 8. Deaths: 0, Non-cases: 5, Recoveries: 0, Escapes: 0. In isolation: 59 (17 confirmed, 42 suspected). Occupancy rate: 57.3%. 100% new confirmed, 100% confirmed under follow-up, 100% new suspected, 100% suspected under follow-up received MHPSS. 15 results announced (1 positive). 13 CTE companions, 8 PPL, 29 households/communities. 1 SDB supported.","[{""type"": ""ORG"", ""value"": ""SD"", ""score"": 0.9286}]","{""label"": ""neutral"", ""score"": 0.857}"
South-Kivu,24-06-2026,"Admissions: 6. Deaths: 0, Non-cases: 5, Recoveries: 0, Escapes: 0. In isolation: 13 (0 confirmed, 13 suspected). Occupancy rate: 29.5%. 100% new suspected, 100% suspected under follow-up received MHPSS. 23 children in community received MHPSS. 3 CTE companions, 17 PPL.",[],"{""label"": ""neutral"", ""score"": 0.7986}"
Ituri,25-06-2026,"10 patients declared recovered. Cumulative recovered: 148 (139 Ituri, 7 North Kivu, 2 South Kivu). 6 deaths recorded in ETCs (3 Mongbwalu, 1 Bunia, 1 Nyankunde, 1 Bambu). Admissions: 60. Deaths: 7, Non-cases: 21, Recoveries: 10, Escapes: 1. In isolation: 334 (193 confirmed, 141 suspected). Occupancy rate: 89.8%. Meals served: 706 (111 confirmed, 123 suspected, 437 PPL, 35 companions). 27 patient households received food supplies. 57.1% new confirmed, 39.8% confirmed under follow-up, 3.1% new suspected, 73.6% suspected under follow-up received MHPSS. 10 results announced (4 positive). 111 CTE companions, 9 PPL, 51 households/communities.","[{""type"": ""LOC"", ""value"": ""It"", ""score"": 0.48}, {""type"": ""LOC"", ""value"": ""North Kivu"", ""score"": 0.9931}, {""type"": ""LOC"", ""value"": ""South Kivu"", ""score"": 0.9877}, {""type"": ""ORG"", ""value"": ""Mon"", ""score"": 0.3904}, {""type"": ""ORG"", ""value"": ""B"", ""score"": 0.3477}, {""type"": ""ORG"", ""value"": ""N"", ""score"": 0.4706}, {""type"": ""ORG"", ""value"": ""Ba"", ""score"": 0.4321}]","{""label"": ""neutral"", ""score"": 0.838}"
North-Kivu,25-06-2026,"Admissions: 12. Deaths: 0, Non-cases: 0, Recoveries: 0, Escapes: 0. In isolation: 68 (27 confirmed, 41 suspected). Occupancy rate: 66.0%. ",[],"{""label"": ""fear"", ""score"": 0.4259}"
South-Kivu,25-06-2026,"Admissions: 4. Deaths: 0, Non-cases: 0, Recoveries: 0, Escapes: 0. In isolation: 17 (0 confirmed, 17 suspected). Occupancy rate: 38.6%. 100% suspected under follow-up received MHPSS. 11 children in community received MHPSS. 6 CTE companions, 15 PPL.",[],"{""label"": ""neutral"", ""score"": 0.6527}"
Ituri,27-06-2026,"15 patients declared recovered. Cumulative recovered: 178 (168 Ituri, 8 North Kivu, 2 South Kivu). 10 deaths recorded in ETCs (5 Mongbwalu, 2 Elikya/Bunia, 1 Nyankunde, 1 Komanda, 1 ISTM/Rwampara). Admissions: 50. Deaths: 15, Non-cases: 14, Recoveries: 15, Escapes: 1. In isolation: 338 (192 confirmed, 146 suspected). Occupancy rate: 90.9%. Meals served: 774 (146 confirmed, 151 suspected, 422 PPL, 55 companions). 5 dry rations distributed. 37.5% new confirmed, 44.8% confirmed under follow-up, 61.7% new suspected, 45.9% suspected under follow-up received MHPSS. 6 results announced (3 positive). 1 child in crèche. 57 CTE companions, 74 PPL, 7 households/communities. 7 SDBs supported.","[{""type"": ""LOC"", ""value"": ""It"", ""score"": 0.79}, {""type"": ""LOC"", ""value"": ""North Kivu"", ""score"": 0.9942}, {""type"": ""LOC"", ""value"": ""South Kivu"", ""score"": 0.9895}, {""type"": ""ORG"", ""value"": ""ET"", ""score"": 0.5776}, {""type"": ""ORG"", ""value"": ""Mon"", ""score"": 0.897}, {""type"": ""ORG"", ""value"": ""##bwal"", ""score"": 0.5832}, {""type"": ""ORG"", ""value"": ""Elikya"", ""score"": 0.6873}, {""type"": ""ORG"", ""value"": ""B"", ""score"": 0.4108}, {""type"": ""ORG"", ""value"": ""##a"", ""score"": 0.4837}, {""type"": ""ORG"", ""value"": ""N"", ""score"": 0.9365}, {""type"": ""ORG"", ""value"": ""##yanku"", ""score"": 0.6525}, {""type"": ""ORG"", ""value"": ""Komanda"", ""score"": 0.8378}, {""type"": ""ORG"", ""value"": ""ISTM"", ""score"": 0.9642}, {""type"": ""ORG"", ""value"": ""Rwampara"", ""score"": 0.9159}]","{""label"": ""neutral"", ""score"": 0.8636}"
North-Kivu,27-06-2026,"Admissions: 20. Deaths: 1, Non-cases: 0, Recoveries: 0, Escapes: 0. In isolation: 143 (16 confirmed, 127 suspected). Occupancy rate: 138.8% (saturation in Butembo, Kalunguta, Masereka, Musienene). 100% confirmed under follow-up, 100% new suspected, 100% suspected under follow-up received MHPSS. 28 results announced (0 positive). 7 CTE companions, 4 PPL, 1 household/community. 10 SDBs supported.","[{""type"": ""LOC"", ""value"": ""Butembo"", ""score"": 0.9793}, {""type"": ""LOC"", ""value"": ""Kalunguta"", ""score"": 0.9307}, {""type"": ""LOC"", ""value"": ""Masereka"", ""score"": 0.8991}, {""type"": ""LOC"", ""value"": ""Musienene"", ""score"": 0.8231}]","{""label"": ""neutral"", ""score"": 0.8662}"
South-Kivu,27-06-2026,"Admissions: 4. Deaths: 0, Non-cases: 0, Recoveries: 0, Escapes: 0. In isolation: 21 (0 confirmed, 21 suspected). Occupancy rate: 47.7%. 100% suspected under follow-up received MHPSS. 3 children in community. 7 PPL.",[],"{""label"": ""neutral"", ""score"": 0.646}"
Ituri,29-06-2026,"9 patients declared recovered (2 CME, 2 Nyankunde, 1 Rwampara, 1 Elikya, 1 Beni, 1 Kalunguta, 1 Katwa). Cumulative recovered: 189 (176 Ituri, 11 North Kivu, 2 South Kivu). 13 deaths recorded in ETCs (4 Elikya, 4 CME, 2 Mongbwalu, 2 Nyankunde, 1 ISTM) and 1 in Beni ETC. Admissions: 68. Deaths: 17, Non-cases: 24, Recoveries: 6, Escapes: 3. In isolation: 451 (200 confirmed, 251 suspected). Occupancy rate: 102%. 66.7% new confirmed, 61.7% confirmed under follow-up, 55.0% new suspected, 63.3% suspected under follow-up received MHPSS. 14 results announced (0 positive). 56 CTE companions, 11 PPL, 31 households/communities. 16 SDBs supported.","[{""type"": ""ORG"", ""value"": ""C"", ""score"": 0.9849}, {""type"": ""ORG"", ""value"": ""N"", ""score"": 0.9013}, {""type"": ""ORG"", ""value"": ""R"", ""score"": 0.932}, {""type"": ""ORG"", ""value"": ""##mpara"", ""score"": 0.8556}, {""type"": ""ORG"", ""value"": ""Eli"", ""score"": 0.9617}, {""type"": ""ORG"", ""value"": ""Ben"", ""score"": 0.5501}, {""type"": ""LOC"", ""value"": ""##i"", ""score"": 0.6724}, {""type"": ""ORG"", ""value"": ""Kalung"", ""score"": 0.5456}, {""type"": ""LOC"", ""value"": ""Katwa"", ""score"": 0.6844}, {""type"": ""ORG"", ""value"": ""It"", ""score"": 0.8433}, {""type"": ""LOC"", ""value"": ""North Kivu"", ""score"": 0.9942}, {""type"": ""LOC"", ""value"": ""South Kivu"", ""score"": 0.9962}, {""type"": ""ORG"", ""value"": ""Eliky"", ""score"": 0.8426}, {""type"": ""ORG"", ""value"": ""CME"", ""score"": 0.9249}, {""type"": ""ORG"", ""value"": ""Mon"", ""score"": 0.9656}, {""type"": ""ORG"", ""value"": ""##bwalu"", ""score"": 0.7657}, {""type"": ""ORG"", ""value"": ""Nyanku"", ""score"": 0.7255}, {""type"": ""ORG"", ""value"": ""ISTM"", ""score"": 0.8749}, {""type"": ""LOC"", ""value"": ""Beni"", ""score"": 0.9344}, {""type"": ""ORG"", ""value"": ""ET"", ""score"": 0.7926}]","{""label"": ""neutral"", ""score"": 0.811}"
North-Kivu,29-06-2026,"Admissions: 13. Deaths: 1, Non-cases: 1, Recoveries: 3, Escapes: 2. In isolation: 135 (16 confirmed, 119 suspected). Occupancy rate: 125%. 100% new confirmed, 100% confirmed under follow-up, 100% new suspected, 100% suspected under follow-up received MHPSS. 23 results announced (1 positive). 3 children in community. 2 CTE companions, 11 PPL.",[],"{""label"": ""neutral"", ""score"": 0.8131}"
South-Kivu,29-06-2026,"Admissions: 2. Deaths: 0, Non-cases: 0, Recoveries: 0, Escapes: 0. In isolation: 23 (0 confirmed, 23 suspected). Occupancy rate: 51.1%. 100% new suspected, 100% suspected under follow-up received MHPSS.",[],"{""label"": ""neutral"", ""score"": 0.6826}"
Ituri,30-06-2026,"9 deaths recorded in ETCs (5 Bunia, 2 Mongbwalu, 1 Bambu, 1 Elikya). 19 patients declared recovered. Cumulative recovered: 208 (197 Ituri, 9 North Kivu, 2 South Kivu). Admissions: 69. Deaths: 22, Non-cases: 24, Recoveries: 19, Escapes: 4. In isolation: 415 (186 confirmed, 229 suspected). Occupancy rate: 100%. 66.7% new confirmed, 61.7% confirmed under follow-up, 55% new suspected, 63.3% suspected under follow-up received MHPSS. 14 results announced (0 positive). 56 CTE companions, 11 PPL, 31 households/communities. 16 SDBs supported.","[{""type"": ""ORG"", ""value"": ""B"", ""score"": 0.2661}, {""type"": ""ORG"", ""value"": ""Mon"", ""score"": 0.3587}, {""type"": ""ORG"", ""value"": ""Ba"", ""score"": 0.4115}, {""type"": ""ORG"", ""value"": ""Eli"", ""score"": 0.6299}, {""type"": ""LOC"", ""value"": ""It"", ""score"": 0.5635}, {""type"": ""LOC"", ""value"": ""North Kivu"", ""score"": 0.992}, {""type"": ""LOC"", ""value"": ""South Kivu"", ""score"": 0.9917}, {""type"": ""MISC"", ""value"": ""CT"", ""score"": 0.7074}]","{""label"": ""neutral"", ""score"": 0.8163}"
North-Kivu,30-06-2026,"5 deaths recorded in ETCs (4 Katwa, 1 Beni). Admissions: 4. Deaths: 3, Non-cases: 2, Recoveries: 0, Escapes: 1. In isolation: 153 (18 confirmed, 135 suspected). Occupancy rate: 125%. 100% new confirmed, 100% confirmed under follow-up, 100% new suspected, 100% suspected under follow-up received MHPSS. 23 results announced (1 positive). 3 children in community. 2 CTE companions, 11 PPL.","[{""type"": ""MISC"", ""value"": ""ET"", ""score"": 0.5897}, {""type"": ""LOC"", ""value"": ""Kat"", ""score"": 0.7398}, {""type"": ""LOC"", ""value"": ""Beni"", ""score"": 0.8551}]","{""label"": ""neutral"", ""score"": 0.8379}"
South-Kivu,30-06-2026,"In isolation: 41 (0 confirmed, 41 suspected). Occupancy rate: 73%. 100% new suspected, 100% suspected under follow-up received MHPSS.","[{""type"": ""ORG"", ""value"": ""M"", ""score"": 0.8794}, {""type"": ""ORG"", ""value"": ""##HP"", ""score"": 0.5886}]","{""label"": ""neutral"", ""score"": 0.5644}"
Ituri,02-07-2026,"13 deaths recorded in ETCs (6 Mongbwalu, 4 Bunia, 2 Rwampara, 1 ISTM, 1 CME). 15 patients declared recovered (6 Mongbwalu, 3 CME, 3 Bunia, 2 Bambu, 1 Rwampara). Cumulative recovered: 244. Admissions: 51. Deaths: 15, Non-cases: 4, Recoveries: 15, Escapes: 1. In isolation: 462 (201 confirmed, 261 suspected). Occupancy rate: 90%. Meals served: 758 (135 confirmed, 175 suspected, 420 PPL, 28 companions). 40% new confirmed, 56.5% confirmed under follow-up, 63.1% new suspected, 67.9% suspected under follow-up received MHPSS. 32 results announced (22 positive). 1 child in crèche (100%). 57 CTE companions, 14 PPL, 15 households/communities. 14 SDBs supported.","[{""type"": ""ORG"", ""value"": ""Mon"", ""score"": 0.4992}, {""type"": ""ORG"", ""value"": ""B"", ""score"": 0.8612}, {""type"": ""ORG"", ""value"": ""R"", ""score"": 0.9741}, {""type"": ""ORG"", ""value"": ""##mpara"", ""score"": 0.8128}, {""type"": ""ORG"", ""value"": ""ISTM"", ""score"": 0.8755}, {""type"": ""ORG"", ""value"": ""CME"", ""score"": 0.7454}, {""type"": ""ORG"", ""value"": ""Mon"", ""score"": 0.7213}, {""type"": ""ORG"", ""value"": ""##b"", ""score"": 0.5198}, {""type"": ""ORG"", ""value"": ""CME"", ""score"": 0.8878}, {""type"": ""ORG"", ""value"": ""B"", ""score"": 0.8624}, {""type"": ""ORG"", ""value"": ""Ba"", ""score"": 0.927}, {""type"": ""ORG"", ""value"": ""R"", ""score"": 0.976}, {""type"": ""ORG"", ""value"": ""##mpara"", ""score"": 0.8913}, {""type"": ""ORG"", ""value"": ""M"", ""score"": 0.8433}, {""type"": ""ORG"", ""value"": ""##HP"", ""score"": 0.5762}]","{""label"": ""neutral"", ""score"": 0.8228}"
North-Kivu,02-07-2026,"1 death recorded in Katwa ETC. 1 patient declared recovered (Katwa). Cumulative recovered: 244 (232 Ituri, 10 North Kivu, 2 South Kivu). Admissions: 21. Deaths: 1, Non-cases: 0, Recoveries: 1, Escapes: 0. In isolation: 147 (14 confirmed, 133 suspected). Occupancy rate: 136%. A 3-month-old confirmed child at Beni HGR; nutritional care ongoing. 100% new confirmed, 100% confirmed under follow-up, 100% new suspected, 100% suspected under follow-up received MHPSS. 13 results announced (1 positive). 8 CTE companions.","[{""type"": ""LOC"", ""value"": ""Katwa"", ""score"": 0.9832}, {""type"": ""ORG"", ""value"": ""ETC"", ""score"": 0.8268}, {""type"": ""LOC"", ""value"": ""Katwa"", ""score"": 0.874}, {""type"": ""LOC"", ""value"": ""It"", ""score"": 0.7321}, {""type"": ""LOC"", ""value"": ""North Kivu"", ""score"": 0.995}, {""type"": ""LOC"", ""value"": ""South Kivu"", ""score"": 0.9943}, {""type"": ""LOC"", ""value"": ""Beni"", ""score"": 0.8347}, {""type"": ""ORG"", ""value"": ""H"", ""score"": 0.6944}, {""type"": ""MISC"", ""value"": ""CT"", ""score"": 0.8884}]","{""label"": ""neutral"", ""score"": 0.8098}"
South-Kivu,02-07-2026,"Admissions: 0. In isolation: 19 (0 confirmed, 19 suspected). Occupancy rate: 42.2%. 100% suspected under follow-up received MHPSS. 9 children in community",[],"{""label"": ""neutral"", ""score"": 0.623}"
Ituri,03-07-2026,"8 deaths recorded in ETCs (3 Mongbwalu, 2 ISTM, 1 Bunia, 1 Elikya, 1 SOTA). 9 patients declared recovered (3 ISTM, 3 Mongbwalu, 2 Bambu, 1 Nyankunde). Cumulative recovered: 239. Admissions: 34. Deaths: 6, Non-cases: 30, Recoveries: 9, Escapes: 4. In isolation: 428 (182 confirmed, 246 suspected). Occupancy rate: 90%. 100% new confirmed, 49.5% confirmed under follow-up, 61.9% new suspected, 74.7% suspected under follow-up received MHPSS. 92 results announced (47 positive). 49 CTE companions, 36 PPL, 27 households/communities. 9 SDBs supported.","[{""type"": ""ORG"", ""value"": ""Mon"", ""score"": 0.7107}, {""type"": ""ORG"", ""value"": ""##b"", ""score"": 0.6874}, {""type"": ""ORG"", ""value"": ""ISTM"", ""score"": 0.9023}, {""type"": ""ORG"", ""value"": ""B"", ""score"": 0.9293}, {""type"": ""ORG"", ""value"": ""Eli"", ""score"": 0.9547}, {""type"": ""ORG"", ""value"": ""S"", ""score"": 0.9216}, {""type"": ""ORG"", ""value"": ""##OT"", ""score"": 0.653}, {""type"": ""ORG"", ""value"": ""ISTM"", ""score"": 0.882}, {""type"": ""ORG"", ""value"": ""Mon"", ""score"": 0.8351}, {""type"": ""ORG"", ""value"": ""##b"", ""score"": 0.73}, {""type"": ""ORG"", ""value"": ""Ba"", ""score"": 0.815}, {""type"": ""ORG"", ""value"": ""N"", ""score"": 0.8497}]","{""label"": ""neutral"", ""score"": 0.8402}"
North-Kivu,03-07-2026,"2 deaths recorded in Katwa ETC. 1 patient declared recovered (Katwa). Cumulative recovered: 239 (228 Ituri, 9 North Kivu, 2 South Kivu). Admissions: 6. Deaths: 3, Non-cases: 1, Recoveries: 1, Escapes: 0. In isolation: 156 (16 confirmed, 140 suspected). Occupancy rate: 136%. 125% new confirmed, 100% confirmed under follow-up, 100% new suspected, 100% suspected under follow-up received MHPSS. 8 results announced (0 positive). 13 CTE companions, 12 PPL, 2 households/communities.","[{""type"": ""LOC"", ""value"": ""Katwa"", ""score"": 0.9668}, {""type"": ""ORG"", ""value"": ""ETC"", ""score"": 0.9035}, {""type"": ""LOC"", ""value"": ""Katwa"", ""score"": 0.9433}, {""type"": ""LOC"", ""value"": ""It"", ""score"": 0.7458}, {""type"": ""LOC"", ""value"": ""North Kivu"", ""score"": 0.9943}, {""type"": ""LOC"", ""value"": ""South Kivu"", ""score"": 0.9932}, {""type"": ""MISC"", ""value"": ""CT"", ""score"": 0.4883}]","{""label"": ""neutral"", ""score"": 0.8019}"
South-Kivu,03-07-2026,"Admissions: 0. In isolation: 44 (0 confirmed, 44 suspected). Occupancy rate: 42.2%. 100% suspected under follow-up received MHPSS. 6 children in community. 1 CTE companion, 1 PPL.",[],"{""label"": ""neutral"", ""score"": 0.7155}"
Ituri,04-07-2026,"7 deaths recorded in ETCs (2 Bunia, 2 Mongbwalu, 2 Elikya, 1 Komanda). 15 patients declared recovered (4 Rwampara, 3 Mongbwalu, 3 Bunia, 2 Komanda, 1 CME, 1 Elikya, 1 Nyankunde). Cumulative recovered: 254. Admissions: 33. Deaths: 6, Non-cases: 11, Recoveries: 15, Escapes: 1. In isolation: 456 (189 confirmed, 267 suspected). Occupancy rate: 90%. 52.6% new confirmed, 34.4% confirmed under follow-up, 27.6% new suspected, 65.5% suspected under follow-up received MHPSS. 27 results announced (11 positive). 9 children in crèche. 48 CTE companions, 17 PPL, 16 households/communities. 12 SDBs supported","[{""type"": ""ORG"", ""value"": ""B"", ""score"": 0.5257}, {""type"": ""ORG"", ""value"": ""Mon"", ""score"": 0.687}, {""type"": ""ORG"", ""value"": ""##b"", ""score"": 0.5288}, {""type"": ""ORG"", ""value"": ""Eli"", ""score"": 0.8958}, {""type"": ""ORG"", ""value"": ""Ko"", ""score"": 0.4498}, {""type"": ""ORG"", ""value"": ""R"", ""score"": 0.8695}, {""type"": ""ORG"", ""value"": ""##mpara"", ""score"": 0.7571}, {""type"": ""ORG"", ""value"": ""Mon"", ""score"": 0.8147}, {""type"": ""ORG"", ""value"": ""##b"", ""score"": 0.5703}, {""type"": ""ORG"", ""value"": ""B"", ""score"": 0.8575}, {""type"": ""ORG"", ""value"": ""Ko"", ""score"": 0.6501}, {""type"": ""ORG"", ""value"": ""CME"", ""score"": 0.9003}, {""type"": ""ORG"", ""value"": ""Elikya"", ""score"": 0.698}, {""type"": ""ORG"", ""value"": ""N"", ""score"": 0.9535}, {""type"": ""ORG"", ""value"": ""##yan"", ""score"": 0.6984}]","{""label"": ""neutral"", ""score"": 0.7653}"
North-Kivu,04-07-2026,"1 death recorded in Katwa ETC. 0 patients declared recovered. Cumulative recovered: 254 (243 Ituri, 9 North Kivu, 2 South Kivu). Admissions: 3. Deaths: 0, Non-cases: 0, Recoveries: 0, Escapes: 0. In isolation: 159 (17 confirmed, 142 suspected). Occupancy rate: 136%. Official opening of Beni ETC (20 beds). Transfer of 1 confirmed PPL case from Musienene to Katwa. 100% new confirmed, 100% confirmed under follow-up, 100% new suspected, 100% suspected under follow-up received MHPSS. 19 results announced (0 positive). 15 children in community. 22 CTE companions.","[{""type"": ""ORG"", ""value"": ""Kat"", ""score"": 0.5888}, {""type"": ""LOC"", ""value"": ""##wa"", ""score"": 0.8718}, {""type"": ""ORG"", ""value"": ""ETC"", ""score"": 0.9095}, {""type"": ""LOC"", ""value"": ""It"", ""score"": 0.5224}, {""type"": ""LOC"", ""value"": ""North Kivu"", ""score"": 0.9959}, {""type"": ""LOC"", ""value"": ""South Kivu"", ""score"": 0.9974}, {""type"": ""ORG"", ""value"": ""Ben"", ""score"": 0.8927}, {""type"": ""LOC"", ""value"": ""##i"", ""score"": 0.446}, {""type"": ""ORG"", ""value"": ""ETC"", ""score"": 0.9051}, {""type"": ""MISC"", ""value"": ""PP"", ""score"": 0.5864}, {""type"": ""LOC"", ""value"": ""Musienene"", ""score"": 0.784}, {""type"": ""LOC"", ""value"": ""Katwa"", ""score"": 0.9962}, {""type"": ""MISC"", ""value"": ""CT"", ""score"": 0.6844}]","{""label"": ""neutral"", ""score"": 0.7466}"
South-Kivu,04-07-2026,"Admissions: 0. In isolation: 45 (0 confirmed, 45 suspected). Occupancy rate: 42.2%. 100% suspected under follow-up received MHPSS. 13 children in community.","[{""type"": ""ORG"", ""value"": ""M"", ""score"": 0.5198}]","{""label"": ""neutral"", ""score"": 0.6577}"
Ituri,07-07-2026,"9 deaths recorded in ETCs/transit centers. 5 patients declared recovered (2 SOTA, 1 Rwampara, 1 Mongbwalu, 1 Nyankunde). Cumulative recovered: 268. Admissions: 71 (4 PPL, 67 others). Deaths: 16, Non-cases: 28, Recoveries: 5, Escapes: 9. In isolation: 518 (212 confirmed, 306 suspected). Occupancy rate: 85%. Meals served: 927 (131 suspected, 146 confirmed, 601 PPL, 49 companions). 41.7% new confirmed, 41.8% confirmed under follow-up, 22.9% new suspected, 52.2% suspected under follow-up received MHPSS. 74 results announced (60 positive). 10 children in crèche. 38 CTE companions, 28 PPL, 31 households/communities. 6 SDBs supported.","[{""type"": ""ORG"", ""value"": ""S"", ""score"": 0.5515}, {""type"": ""ORG"", ""value"": ""R"", ""score"": 0.7868}, {""type"": ""ORG"", ""value"": ""##mpara"", ""score"": 0.8148}, {""type"": ""LOC"", ""value"": ""Mon"", ""score"": 0.4572}, {""type"": ""ORG"", ""value"": ""##b"", ""score"": 0.4518}, {""type"": ""ORG"", ""value"": ""N"", ""score"": 0.562}]","{""label"": ""neutral"", ""score"": 0.8391}"
North-Kivu,07-07-2026,"Admissions: 32. Deaths: 0, Non-cases: 0, Recoveries: 0, Escapes: 0. In isolation: 193 (20 confirmed, 173 suspected). Occupancy rate: 137%. 100% suspected under follow-up received MHPSS. 5 children in community. 2 CTE companions, 2 PPL.",[],"{""label"": ""neutral"", ""score"": 0.6041}"
South-Kivu,07-07-2026,"Admissions: 15. Deaths: 0, Non-cases: 4, Recoveries: 0, Escapes: 0. In isolation: 39 (0 confirmed, 39 suspected). Occupancy rate: 86.6%.",[],"{""label"": ""neutral"", ""score"": 0.7397}"
Ituri,09-07-2026,"6 deaths recorded in ETCs (4 Bunia, 2 Mongbwalu). 4 patients declared recovered (2 ISTM, 2 Komanda). Cumulative recovered: 281. Admissions: 43. Deaths: 10, Non-cases: 27, Recoveries: 4, Escapes: 4, Transfers: 2. In isolation: 536 (218 confirmed, 318 suspected). Occupancy rate: 89.9%. Meals served: 1,045 (141 suspected, 162 confirmed, 708 PPL, 34 companions). 38.9% new confirmed, 30.4% confirmed under follow-up, 28.8% new suspected, 33.9% suspected under follow-up received MHPSS. 27 results announced (0 positive). 128 CTE companions, 19 PPL, 23 households/communities. ","[{""type"": ""LOC"", ""value"": ""Mon"", ""score"": 0.2926}, {""type"": ""ORG"", ""value"": ""IS"", ""score"": 0.5988}]","{""label"": ""neutral"", ""score"": 0.8683}"
North-Kivu,09-07-2026,"1 patient declared recovered (Katwa). Cumulative recovered: 281 (271 Ituri, 8 North Kivu, 2 South Kivu). Admissions: 44. Deaths: 0, Non-cases: 27, Recoveries: 1, Escapes: 0. In isolation: 225 (20 confirmed, 205 suspected). Occupancy rate: 160%. 100% new confirmed, 100% confirmed under follow-up, 100% new suspected, 100% suspected under follow-up received MHPSS. 4 results announced (0 positive). 8 CTE companions, 1 PPL.","[{""type"": ""MISC"", ""value"": ""It"", ""score"": 0.4464}, {""type"": ""LOC"", ""value"": ""North Kivu"", ""score"": 0.9959}, {""type"": ""LOC"", ""value"": ""South Kivu"", ""score"": 0.9975}, {""type"": ""MISC"", ""value"": ""CT"", ""score"": 0.6861}]","{""label"": ""neutral"", ""score"": 0.8366}"
South-Kivu,09-07-2026,"Admissions: 2. Deaths: 0, Non-cases: 6, Recoveries: 0, Escapes: 0. In isolation: 19 (0 confirmed, 19 suspected). Occupancy rate: 42.2%. 2 new suspected and 2 suspected under follow-up received MHPSS. 7 children in community.",[],"{""label"": ""neutral"", ""score"": 0.6312}"
Ituri,10-07-2026,"9 deaths recorded in ETCs/transit centers (3 CME, 2 Elikya, 1 Bunia, 1 ISTM, 1 Sota, 1 Nizi). 6 patients declared recovered (4 Bunia, 1 Mongbwalu, 1 ISTM). Cumulative recovered: 287. Admissions: 69. Deaths: 18, Non-cases: 28, Recoveries: 6, Escapes: 9. In isolation: 543 (237 confirmed, 306 suspected). Occupancy rate: 88%. Meals served: 981 (160 suspected, 178 confirmed, 586 PPL, 57 companions). Reception of 200 blood bags (135 O+, 27 A+, 34 B+, 2 O-, 2 AB+). 12.5% new confirmed, 58.6% confirmed under follow-up, 27.5% new suspected, 77.7% suspected under follow-up received MHPSS. 14 results announced (0 positive). 10 children in crèche. 110 CTE  companions, 43 PPL, 62 households/communities. 3 SDBs supported.","[{""type"": ""ORG"", ""value"": ""C"", ""score"": 0.9507}, {""type"": ""ORG"", ""value"": ""Eli"", ""score"": 0.8602}, {""type"": ""ORG"", ""value"": ""B"", ""score"": 0.6055}, {""type"": ""ORG"", ""value"": ""IS"", ""score"": 0.9541}, {""type"": ""ORG"", ""value"": ""So"", ""score"": 0.7544}, {""type"": ""ORG"", ""value"": ""B"", ""score"": 0.4583}, {""type"": ""ORG"", ""value"": ""Mon"", ""score"": 0.5948}, {""type"": ""ORG"", ""value"": ""IS"", ""score"": 0.9102}]","{""label"": ""neutral"", ""score"": 0.8113}"
North-Kivu,10-07-2026,"Admissions: 36. Deaths: 0, Non-cases: 6, Recoveries: 0, Escapes: 0, Transfers: 1. In isolation: 196 (22 confirmed, 174 suspected). Occupancy rate: 135.2%. 100% confirmed under follow-up, 100% new suspected, 100% suspected under follow-up received MHPSS. 2 results announced (0 positive). 24 CTE companions.",[],"{""label"": ""neutral"", ""score"": 0.8386}"
South-Kivu,10-07-2026,"Admissions: 5. Deaths: 0, Non-cases: 6, Recoveries: 0, Escapes: 0. In isolation: 24 (0 confirmed, 24 suspected). Occupancy rate: 53.3%. 2 new suspected and 2 suspected under follow-up received MHPSS. 7 children in community.",[],"{""label"": ""neutral"", ""score"": 0.6618}"
Ituri,11-07-2026,"9 deaths recorded in ETCs/transit centers (4 Mongbwalu, 2 Elikya, 1 Rwampara, 1 Sota, 1 Nia-Nia HGR). 12 patients declared recovered (3 CME, 2 Mongbwalu, 3 ISTM, 4 Sota) including one patient under clinical trial at CME ETC. Cumulative recovered: 299. Admissions: 67. Deaths: 14, Non-cases: 42, Recoveries: 12, Escapes: 8. In isolation: 535 (227 confirmed, 308 suspected). Occupancy rate: 87%. Meals served: 936 (95 suspected, 149 confirmed, 664 PPL, 28 companions). 3 ambulance runs: 2 from Lopa to ISTM Nyankunde ETC, 1 from Sangaki/Mandro to HGR Bunia. 3 ambulances operational, 1 non-operational (battery issue). 18.2% new confirmed, 61.6% confirmed under follow-up, 80.6% new suspected, 37.3% suspected under follow-up received MHPSS. 12 results announced (2 positive). 6 children in crèche. 67 CTE companions, 26 PPL, 32 households/communities. 2 SDBs supported.","[{""type"": ""ORG"", ""value"": ""Mon"", ""score"": 0.5668}, {""type"": ""ORG"", ""value"": ""##b"", ""score"": 0.6249}, {""type"": ""ORG"", ""value"": ""Eli"", ""score"": 0.9655}, {""type"": ""ORG"", ""value"": ""R"", ""score"": 0.924}, {""type"": ""ORG"", ""value"": ""##mpara"", ""score"": 0.7505}, {""type"": ""ORG"", ""value"": ""Sota"", ""score"": 0.8103}, {""type"": ""ORG"", ""value"": ""Ni"", ""score"": 0.9473}, {""type"": ""ORG"", ""value"": ""Ni"", ""score"": 0.5479}, {""type"": ""ORG"", ""value"": ""CME"", ""score"": 0.7851}, {""type"": ""ORG"", ""value"": ""Mon"", ""score"": 0.8811}, {""type"": ""ORG"", ""value"": ""##bwal"", ""score"": 0.6334}, {""type"": ""ORG"", ""value"": ""ISTM"", ""score"": 0.9884}, {""type"": ""ORG"", ""value"": ""Sota"", ""score"": 0.8754}, {""type"": ""ORG"", ""value"": ""C"", ""score"": 0.995}, {""type"": ""ORG"", ""value"": ""##ME ETC"", ""score"": 0.9492}, {""type"": ""ORG"", ""value"": ""Lopa"", ""score"": 0.7265}, {""type"": ""ORG"", ""value"": ""ISTM Nyanku"", ""score"": 0.871}, {""type"": ""ORG"", ""value"": ""ETC"", ""score"": 0.9038}, {""type"": ""LOC"", ""value"": ""Sangaki"", ""score"": 0.9673}, {""type"": ""LOC"", ""value"": ""Mandro"", ""score"": 0.9785}, {""type"": ""ORG"", ""value"": ""H"", ""score"": 0.9825}, {""type"": ""ORG"", ""value"": ""Bunia"", ""score"": 0.5143}]","{""label"": ""neutral"", ""score"": 0.7682}"
North-Kivu,11-07-2026,"1 death recorded in Butembo ETC. Admissions: 21. Deaths: 1, Non-cases: 3, Recoveries: 0, Escapes: 0. In isolation: 188 (21 confirmed, 167 suspected). Occupancy rate: 129.6%.","[{""type"": ""ORG"", ""value"": ""Butembo ETC"", ""score"": 0.8756}]","{""label"": ""neutral"", ""score"": 0.4999}"
South-Kivu,11-07-2026,"Admissions: 6. Deaths: 0, Non-cases: 3, Recoveries: 0, Escapes: 0. In isolation: 30 (0 confirmed, 30 suspected). Occupancy rate: 66.6%. 2 new suspected and 1 suspected under follow-up received MHPSS. 7 children in community.",[],"{""label"": ""neutral"", ""score"": 0.6543}"
