nom,date,monitoring_en,ner_json,emotion_json
Bunia,19-05-2026,"Alerts (18/05): 16 total (3 carried + 13 new); 10 alive, 6 deceased; 16 investigated; 16 validated; 10 sampled; 9 isolated, 1 not isolated. Alerts (19/05): 35 total; 30 alive, 5 deceased; 33 investigated, 2 not investigated; 29 validated (5 deceased), 4 invalidated; 10 sampled; 30 isolated.",[],"{""label"": ""neutral"", ""score"": 0.4936}"
Rwampara,19-05-2026,"Alerts (18/05): 30 total (7 carried + 23 new); 20 alive, 10 deceased; 22 investigated; 21 validated, 1 invalidated; 21 sampled; 46 isolated. Alerts (19/05): 27 total (8 carried + 19 new); 22 alive, 5 deceased; 20 investigated, 7 not investigated; 18 validated, 2 invalidated; 13 sampled; 13 isolated.",[],"{""label"": ""neutral"", ""score"": 0.4932}"
Nyankunde,19-05-2026,"Alerts (18/05): 4 total (4 new); 3 alive, 1 deceased; 4 investigated; 4 validated; 4 sampled; 3 isolated. Alerts (19/05): 6 total; 2 alive, 4 deceased; 5 investigated, 1 not investigated; 5 validated; 5 sampled.",[],"{""label"": ""neutral"", ""score"": 0.5038}"
Mongbwalu,19-05-2026,"Alerts (18/05): 11 total (11 new); 9 alive, 2 deceased; 9 investigated, 2 not investigated; 9 validated, 2 invalidated; 2 sampled; 9 isolated. Alerts (19/05): 7 total; 4 alive, 3 deceased; 7 investigated; 7 validated; 7 sampled; 4 isolated.",[],"{""label"": ""neutral"", ""score"": 0.4644}"
Nizi,19-05-2026,Alerts (18/05): 1 total (1 new); 1 alive; 1 investigated; 1 validated; 0 sampled; 1 not isolated.,[],"{""label"": ""neutral"", ""score"": 0.7619}"
Lita,19-05-2026,Alerts (18/05): 2 total (2 new); 2 alive; 2 investigated; 2 validated; 2 isolated.,[],"{""label"": ""neutral"", ""score"": 0.6689}"
Bambu,19-05-2026,"Briefing of surveillance teams on alerts, investigations, active case search, contact listing and follow-up; briefing of PoE/PoC team on mapping of their sites; organisation of the surveillance pillar (focal points per HZ, roles and responsibilities); deployment of surveillance teams in 3 HZ in epidemic: Bunia, Rwampara and Nyankunde.","[{""type"": ""ORG"", ""value"": ""PoE"", ""score"": 0.9755}, {""type"": ""ORG"", ""value"": ""PoC"", ""score"": 0.8953}, {""type"": ""ORG"", ""value"": ""B"", ""score"": 0.4861}, {""type"": ""LOC"", ""value"": ""##uni"", ""score"": 0.2524}, {""type"": ""ORG"", ""value"": ""##a"", ""score"": 0.3553}, {""type"": ""LOC"", ""value"": ""Rwamp"", ""score"": 0.7362}, {""type"": ""ORG"", ""value"": ""##ara"", ""score"": 0.6265}, {""type"": ""LOC"", ""value"": ""Nyankunde"", ""score"": 0.7985}]","{""label"": ""neutral"", ""score"": 0.8313}"
Komanda,19-05-2026,"Komanda 3 (1 deceased), Bambu 1 (1 deceased), Mangala 2; all investigated and validated.","[{""type"": ""PER"", ""value"": ""Ko"", ""score"": 0.8109}, {""type"": ""ORG"", ""value"": ""##manda"", ""score"": 0.6321}, {""type"": ""PER"", ""value"": ""Bamb"", ""score"": 0.7876}, {""type"": ""PER"", ""value"": ""Man"", ""score"": 0.948}]","{""label"": ""neutral"", ""score"": 0.76}"
Goma,20-05-2026,Support to Katwa and Goma HZ in in-depth investigation and contact listing around confirmed cases; setting up of an alert management system (promotion of the civil-protection toll-free number); start of contact follow-up around the confirmed case in Goma HZ; investigations and contact listing around 4 confirmed cases in North Kivu.,"[{""type"": ""ORG"", ""value"": ""Katwa"", ""score"": 0.9722}, {""type"": ""ORG"", ""value"": ""Goma HZ"", ""score"": 0.8423}, {""type"": ""LOC"", ""value"": ""Goma"", ""score"": 0.7463}, {""type"": ""ORG"", ""value"": ""H"", ""score"": 0.8974}, {""type"": ""LOC"", ""value"": ""##Z"", ""score"": 0.4963}, {""type"": ""LOC"", ""value"": ""North Kivu"", ""score"": 0.9986}]","{""label"": ""neutral"", ""score"": 0.5841}"
Bunia,20-05-2026,"Alerts (20/05): 39 total; 31 alive, 8 deceased; 35 investigated, 4 not investigated; 35 validated; 11 sampled; 30 isolated, 1 not isolated.",[],"{""label"": ""neutral"", ""score"": 0.5879}"
Rwampara,20-05-2026,"Alerts (20/05): 35 total (4 carried + 31 new); 34 alive, 1 deceased; 35 investigated; 25 validated, 10 invalidated; 14 sampled; 25 isolated. Activation of PoC Dele (Rwampara HZ) and Mudzibala (Bunia HZ) with IOM support; 124 providers identified for 10 PoC; IOM provided 120 plastic chairs, 60 boxes of gloves and other IPC materials; site assessment of Kasindi/Nobili PoE and Eringeti/Mavivi Airport/PK5/Nzuma PoC. PoE/PoC synthesis (20/05): 1,881 travellers passed, screened, hand-washed and sensitised; 0 alerts, 0 refusals (key points: Bunia Mudzibala 355, Aru Ombayi 253, Aru Ofoo 195, Kasenyi 186, Mahagi Anzidha 184)","[{""type"": ""ORG"", ""value"": ""PoC Dele"", ""score"": 0.9962}, {""type"": ""ORG"", ""value"": ""Rwampara HZ"", ""score"": 0.9086}, {""type"": ""ORG"", ""value"": ""Mudzibala"", ""score"": 0.7147}, {""type"": ""ORG"", ""value"": ""Bunia HZ"", ""score"": 0.86}, {""type"": ""ORG"", ""value"": ""IOM"", ""score"": 0.9558}, {""type"": ""ORG"", ""value"": ""IOM"", ""score"": 0.9851}, {""type"": ""ORG"", ""value"": ""IP"", ""score"": 0.9439}, {""type"": ""LOC"", ""value"": ""Kasindi"", ""score"": 0.9876}, {""type"": ""LOC"", ""value"": ""No"", ""score"": 0.9724}, {""type"": ""LOC"", ""value"": ""##bili PoE"", ""score"": 0.6915}, {""type"": ""LOC"", ""value"": ""Eringeti"", ""score"": 0.9789}, {""type"": ""LOC"", ""value"": ""Mavivi Airport"", ""score"": 0.8727}, {""type"": ""LOC"", ""value"": ""P"", ""score"": 0.5641}, {""type"": ""LOC"", ""value"": ""Nzuma Po"", ""score"": 0.767}, {""type"": ""ORG"", ""value"": ""B"", ""score"": 0.97}, {""type"": ""ORG"", ""value"": ""##uni"", ""score"": 0.4225}, {""type"": ""PER"", ""value"": ""##a Mu"", ""score"": 0.7202}, {""type"": ""ORG"", ""value"": ""##zi"", ""score"": 0.3374}, {""type"": ""PER"", ""value"": ""##bal"", ""score"": 0.6442}, {""type"": ""PER"", ""value"": ""A"", ""score"": 0.9994}, {""type"": ""PER"", ""value"": ""##ru Omba"", ""score"": 0.9986}, {""type"": ""PER"", ""value"": ""A"", ""score"": 0.9994}, {""type"": ""PER"", ""value"": ""##ru Of"", ""score"": 0.9989}, {""type"": ""PER"", ""value"": ""Kasenyi"", ""score"": 0.9343}, {""type"": ""PER"", ""value"": ""Ma"", ""score"": 0.9993}, {""type"": ""PER"", ""value"": ""##ha"", ""score"": 0.7317}, {""type"": ""PER"", ""value"": ""##gi Anzidha"", ""score"": 0.874}]","{""label"": ""neutral"", ""score"": 0.5822}"
Nyankunde,20-05-2026,Alerts (20/05): 9 total; 9 alive; 9 investigated; 9 validated; 9 sampled; 9 isolated.,[],"{""label"": ""neutral"", ""score"": 0.6728}"
Mongbwalu,20-05-2026,"Alerts (20/05): 9 total; 6 alive, 3 deceased; 8 investigated, 1 not investigated; 8 validated, 1 invalidated; 7 sampled; 6 isolated.",[],"{""label"": ""neutral"", ""score"": 0.4678}"
Bambu,20-05-2026,"Komanda 2 (1 community), Bambu 1 (1 community death), Lolwa 1; mostly investigated and validated.","[{""type"": ""ORG"", ""value"": ""Komanda"", ""score"": 0.6461}, {""type"": ""ORG"", ""value"": ""Bamb"", ""score"": 0.5312}, {""type"": ""ORG"", ""value"": ""Lolwa"", ""score"": 0.5882}]","{""label"": ""neutral"", ""score"": 0.6822}"
Aru,30-05-2026,"Reorganisation du pilier et déploiement des épidémiologistes dans les sous-piliers et ZS hotspots. Activités de routine : remontée des alertes, investigations, recherche active, listage et suivi des contacts, revue documentaire rétrospective.","[{""type"": ""ORG"", ""value"": ""##S"", ""score"": 0.7029}]","{""label"": ""neutral"", ""score"": 0.5853}"
Aungba,30-05-2026,"Reorganisation du pilier et déploiement des épidémiologistes dans les sous-piliers et ZS hotspots. Activités de routine : remontée des alertes, investigations, recherche active, listage et suivi des contacts, revue documentaire rétrospective.","[{""type"": ""ORG"", ""value"": ""##S"", ""score"": 0.7029}]","{""label"": ""neutral"", ""score"": 0.5853}"
Bambu,30-05-2026,"Reorganisation du pilier et déploiement des épidémiologistes dans les sous-piliers et ZS hotspots. Activités de routine : remontée des alertes, investigations, recherche active, listage et suivi des contacts, revue documentaire rétrospective.","[{""type"": ""ORG"", ""value"": ""##S"", ""score"": 0.7029}]","{""label"": ""neutral"", ""score"": 0.5853}"
Damas,30-05-2026,"Reorganisation du pilier et déploiement des épidémiologistes dans les sous-piliers et ZS hotspots. Activités de routine : remontée des alertes, investigations, recherche active, listage et suivi des contacts, revue documentaire rétrospective.","[{""type"": ""ORG"", ""value"": ""##S"", ""score"": 0.7029}]","{""label"": ""neutral"", ""score"": 0.5853}"
Bunia,30-05-2026,"Reorganisation du pilier et déploiement des épidémiologistes dans les sous-piliers et ZS hotspots. Activités de routine : remontée des alertes, investigations, recherche active, listage et suivi des contacts, revue documentaire rétrospective. Mise en place d un système d alerte précoce dans le site des déplacés de l ISP Bunia. Briefing des RECO sur la SBC et suivi de contacts. Résultat : 159 RECO atteints au jour J2.","[{""type"": ""ORG"", ""value"": ""##S"", ""score"": 0.6738}, {""type"": ""ORG"", ""value"": ""ISP Buni"", ""score"": 0.7313}, {""type"": ""ORG"", ""value"": ""R"", ""score"": 0.6526}, {""type"": ""ORG"", ""value"": ""##O"", ""score"": 0.6356}, {""type"": ""ORG"", ""value"": ""SBC"", ""score"": 0.9955}]","{""label"": ""neutral"", ""score"": 0.8092}"
Gety,30-05-2026,"Reorganisation du pilier et déploiement des épidémiologistes dans les sous-piliers et ZS hotspots. Activités de routine : remontée des alertes, investigations, recherche active, listage et suivi des contacts, revue documentaire rétrospective.","[{""type"": ""ORG"", ""value"": ""##S"", ""score"": 0.7029}]","{""label"": ""neutral"", ""score"": 0.5853}"
Kilo,30-05-2026,"Reorganisation du pilier et déploiement des épidémiologistes dans les sous-piliers et ZS hotspots. Activités de routine : remontée des alertes, investigations, recherche active, listage et suivi des contacts, revue documentaire rétrospective.","[{""type"": ""ORG"", ""value"": ""##S"", ""score"": 0.7029}]","{""label"": ""neutral"", ""score"": 0.5853}"
Komanda,30-05-2026,"Reorganisation du pilier et déploiement des épidémiologistes dans les sous-piliers et ZS hotspots. Activités de routine : remontée des alertes, investigations, recherche active, listage et suivi des contacts, revue documentaire rétrospective.","[{""type"": ""ORG"", ""value"": ""##S"", ""score"": 0.7029}]","{""label"": ""neutral"", ""score"": 0.5853}"
Lita,30-05-2026,"Reorganisation du pilier et déploiement des épidémiologistes dans les sous-piliers et ZS hotspots. Activités de routine : remontée des alertes, investigations, recherche active, listage et suivi des contacts, revue documentaire rétrospective.","[{""type"": ""ORG"", ""value"": ""##S"", ""score"": 0.7029}]","{""label"": ""neutral"", ""score"": 0.5853}"
Mangala,30-05-2026,"Reorganisation du pilier et déploiement des épidémiologistes dans les sous-piliers et ZS hotspots. Activités de routine : remontée des alertes, investigations, recherche active, listage et suivi des contacts, revue documentaire rétrospective.","[{""type"": ""ORG"", ""value"": ""##S"", ""score"": 0.7029}]","{""label"": ""neutral"", ""score"": 0.5853}"
Mongbwalu,30-05-2026,"Reorganisation du pilier et déploiement des épidémiologistes dans les sous-piliers et ZS hotspots. Activités de routine : remontée des alertes, investigations, recherche active, listage et suivi des contacts, revue documentaire rétrospective.","[{""type"": ""ORG"", ""value"": ""##S"", ""score"": 0.7029}]","{""label"": ""neutral"", ""score"": 0.5853}"
Nizi,30-05-2026,"Reorganisation du pilier et déploiement des épidémiologistes dans les sous-piliers et ZS hotspots. Activités de routine : remontée des alertes, investigations, recherche active, listage et suivi des contacts, revue documentaire rétrospective.","[{""type"": ""ORG"", ""value"": ""##S"", ""score"": 0.7029}]","{""label"": ""neutral"", ""score"": 0.5853}"
Nyankunde,30-05-2026,"Reorganisation du pilier et déploiement des épidémiologistes dans les sous-piliers et ZS hotspots. Activités de routine : remontée des alertes, investigations, recherche active, listage et suivi des contacts, revue documentaire rétrospective.","[{""type"": ""ORG"", ""value"": ""##S"", ""score"": 0.7029}]","{""label"": ""neutral"", ""score"": 0.5853}"
Rwampara,30-05-2026,"Reorganisation du pilier et déploiement des épidémiologistes dans les sous-piliers et ZS hotspots. Activités de routine : remontée des alertes, investigations, recherche active, listage et suivi des contacts, revue documentaire rétrospective.","[{""type"": ""ORG"", ""value"": ""##S"", ""score"": 0.7029}]","{""label"": ""neutral"", ""score"": 0.5853}"
Butembo,30-05-2026,"Reorganisation du pilier et déploiement des épidémiologistes dans les sous-piliers et ZS hotspots. Activités de routine : remontée des alertes, investigations, recherche active, listage et suivi des contacts, revue documentaire rétrospective.","[{""type"": ""ORG"", ""value"": ""##S"", ""score"": 0.7029}]","{""label"": ""neutral"", ""score"": 0.5853}"
Goma,30-05-2026,"Reorganisation du pilier et déploiement des épidémiologistes dans les sous-piliers et ZS hotspots. Activités de routine : remontée des alertes, investigations, recherche active, listage et suivi des contacts, revue documentaire rétrospective.","[{""type"": ""ORG"", ""value"": ""##S"", ""score"": 0.7029}]","{""label"": ""neutral"", ""score"": 0.5853}"
Oicha,30-05-2026,"Reorganisation du pilier et déploiement des épidémiologistes dans les sous-piliers et ZS hotspots. Activités de routine : remontée des alertes, investigations, recherche active, listage et suivi des contacts, revue documentaire rétrospective.","[{""type"": ""ORG"", ""value"": ""##S"", ""score"": 0.7029}]","{""label"": ""neutral"", ""score"": 0.5853}"
Kalunguta,30-05-2026,"Reorganisation du pilier et déploiement des épidémiologistes dans les sous-piliers et ZS hotspots. Activités de routine : remontée des alertes, investigations, recherche active, listage et suivi des contacts, revue documentaire rétrospective.","[{""type"": ""ORG"", ""value"": ""##S"", ""score"": 0.7029}]","{""label"": ""neutral"", ""score"": 0.5853}"
Katwa,30-05-2026,"Reorganisation du pilier et déploiement des épidémiologistes dans les sous-piliers et ZS hotspots. Activités de routine : remontée des alertes, investigations, recherche active, listage et suivi des contacts, revue documentaire rétrospective.","[{""type"": ""ORG"", ""value"": ""##S"", ""score"": 0.7029}]","{""label"": ""neutral"", ""score"": 0.5853}"
Kyondo,30-05-2026,"Reorganisation du pilier et déploiement des épidémiologistes dans les sous-piliers et ZS hotspots. Activités de routine : remontée des alertes, investigations, recherche active, listage et suivi des contacts, revue documentaire rétrospective.","[{""type"": ""ORG"", ""value"": ""##S"", ""score"": 0.7029}]","{""label"": ""neutral"", ""score"": 0.5853}"
Beni,30-05-2026,"Reorganisation du pilier et déploiement des épidémiologistes dans les sous-piliers et ZS hotspots. Activités de routine : remontée des alertes, investigations, recherche active, listage et suivi des contacts, revue documentaire rétrospective.","[{""type"": ""ORG"", ""value"": ""##S"", ""score"": 0.7029}]","{""label"": ""neutral"", ""score"": 0.5853}"
Aru,31-05-2026,"Continuation of routine surveillance activities: alert reporting, investigations, active case finding, contact listing and follow-up, retrospective case and death record review.",[],"{""label"": ""neutral"", ""score"": 0.6582}"
Aungba,31-05-2026,"Continuation of routine surveillance activities: alert reporting, investigations, active case finding, contact listing and follow-up, retrospective case and death record review.",[],"{""label"": ""neutral"", ""score"": 0.6582}"
Bambu,31-05-2026,"Continuation of routine surveillance activities: alert reporting, investigations, active case finding, contact listing and follow-up, retrospective case and death record review.",[],"{""label"": ""neutral"", ""score"": 0.6582}"
Bunia,31-05-2026,"Continuation of routine surveillance activities: alert reporting, investigations, active case finding, contact listing and follow-up, retrospective case and death record review. Twelve (12) alerts faced community resistance, hindering their verification. Nine (9) PPL alerts under verification.","[{""type"": ""ORG"", ""value"": ""PPL"", ""score"": 0.9878}]","{""label"": ""anger"", ""score"": 0.4687}"
Damas,31-05-2026,"Continuation of routine surveillance activities: alert reporting, investigations, active case finding, contact listing and follow-up, retrospective case and death record review.",[],"{""label"": ""neutral"", ""score"": 0.6582}"
Gety,31-05-2026,"Continuation of routine surveillance activities: alert reporting, investigations, active case finding, contact listing and follow-up, retrospective case and death record review.",[],"{""label"": ""neutral"", ""score"": 0.6582}"
Kilo,31-05-2026,"Continuation of routine surveillance activities: alert reporting, investigations, active case finding, contact listing and follow-up, retrospective case and death record review.",[],"{""label"": ""neutral"", ""score"": 0.6582}"
Komanda,31-05-2026,"Continuation of routine surveillance activities: alert reporting, investigations, active case finding, contact listing and follow-up, retrospective case and death record review.",[],"{""label"": ""neutral"", ""score"": 0.6582}"
Lita,31-05-2026,"Continuation of routine surveillance activities: alert reporting, investigations, active case finding, contact listing and follow-up, retrospective case and death record review.",[],"{""label"": ""neutral"", ""score"": 0.6582}"
Logo,31-05-2026,"Continuation of routine surveillance activities: alert reporting, investigations, active case finding, contact listing and follow-up, retrospective case and death record review. Newly affected health zone as of 31 May 2026 — 1 new confirmed case.",[],"{""label"": ""neutral"", ""score"": 0.6033}"
Mangala,31-05-2026,"Continuation of routine surveillance activities: alert reporting, investigations, active case finding, contact listing and follow-up, retrospective case and death record review.",[],"{""label"": ""neutral"", ""score"": 0.6582}"
Mongbwalu,31-05-2026,"Continuation of routine surveillance activities: alert reporting, investigations, active case finding, contact listing and follow-up, retrospective case and death record review.",[],"{""label"": ""neutral"", ""score"": 0.6582}"
Nizi,31-05-2026,"Continuation of routine surveillance activities: alert reporting, investigations, active case finding, contact listing and follow-up, retrospective case and death record review. Community resistance to contact listing and follow-up around confirmed cases.",[],"{""label"": ""neutral"", ""score"": 0.502}"
Nyankunde,31-05-2026,"Continuation of routine surveillance activities: alert reporting, investigations, active case finding, contact listing and follow-up, retrospective case and death record review.",[],"{""label"": ""neutral"", ""score"": 0.6582}"
Rwampara,31-05-2026,"Continuation of routine surveillance activities: alert reporting, investigations, active case finding, contact listing and follow-up, retrospective case and death record review.",[],"{""label"": ""neutral"", ""score"": 0.6582}"
Beni,31-05-2026,"Continuation of routine surveillance activities: alert reporting, investigations, active case finding, contact listing and follow-up, retrospective case and death record review.",[],"{""label"": ""neutral"", ""score"": 0.6582}"
Butembo,31-05-2026,"Continuation of routine surveillance activities: alert reporting, investigations, active case finding, contact listing and follow-up, retrospective case and death record review.",[],"{""label"": ""neutral"", ""score"": 0.6582}"
Goma,31-05-2026,"Continuation of routine surveillance activities: alert reporting, investigations, active case finding, contact listing and follow-up, retrospective case and death record review.",[],"{""label"": ""neutral"", ""score"": 0.6582}"
Kalunguta,31-05-2026,"Continuation of routine surveillance activities: alert reporting, investigations, active case finding, contact listing and follow-up, retrospective case and death record review.",[],"{""label"": ""neutral"", ""score"": 0.6582}"
Katwa,31-05-2026,"Continuation of routine surveillance activities: alert reporting, investigations, active case finding, contact listing and follow-up, retrospective case and death record review.",[],"{""label"": ""neutral"", ""score"": 0.6582}"
Kyondo,31-05-2026,"Continuation of routine surveillance activities: alert reporting, investigations, active case finding, contact listing and follow-up, retrospective case and death record review.",[],"{""label"": ""neutral"", ""score"": 0.6582}"
Oicha,31-05-2026,"Continuation of routine surveillance activities: alert reporting, investigations, active case finding, contact listing and follow-up, retrospective case and death record review.",[],"{""label"": ""neutral"", ""score"": 0.6582}"
Aru,01-06-2026,"Continuation of routine surveillance activities: alert reporting, investigations, active case finding, contact listing and follow-up, retrospective case and death record review. | Briefing of IT officers on community-based surveillance (CBS) and EVD surveillance.","[{""type"": ""MISC"", ""value"": ""IT"", ""score"": 0.4757}, {""type"": ""ORG"", ""value"": ""CBS"", ""score"": 0.5553}, {""type"": ""ORG"", ""value"": ""E"", ""score"": 0.5753}, {""type"": ""MISC"", ""value"": ""##VD"", ""score"": 0.6107}]","{""label"": ""neutral"", ""score"": 0.738}"
Aungba,01-06-2026,"Continuation of routine surveillance activities: alert reporting, investigations, active case finding, contact listing and follow-up, retrospective case and death record review.",[],"{""label"": ""neutral"", ""score"": 0.6582}"
Bambu,01-06-2026,"Continuation of routine surveillance activities: alert reporting, investigations, active case finding, contact listing and follow-up, retrospective case and death record review. | Briefing of IT officers on community-based surveillance (CBS) and EVD surveillance.","[{""type"": ""MISC"", ""value"": ""IT"", ""score"": 0.4757}, {""type"": ""ORG"", ""value"": ""CBS"", ""score"": 0.5553}, {""type"": ""ORG"", ""value"": ""E"", ""score"": 0.5753}, {""type"": ""MISC"", ""value"": ""##VD"", ""score"": 0.6107}]","{""label"": ""neutral"", ""score"": 0.738}"
Bunia,01-06-2026,"Continuation of routine surveillance activities: alert reporting, investigations, active case finding, contact listing and follow-up, retrospective case and death record review. | Briefing of IT officers on community-based surveillance (CBS) and EVD surveillance. | Twelve (12) alerts faced community resistance, hindering their verification. | Investigation of confirmed cases from 31 May 2026.","[{""type"": ""MISC"", ""value"": ""IT"", ""score"": 0.5446}, {""type"": ""ORG"", ""value"": ""CBS"", ""score"": 0.8157}, {""type"": ""ORG"", ""value"": ""EVD"", ""score"": 0.6588}]","{""label"": ""fear"", ""score"": 0.4183}"
Damas,01-06-2026,"Continuation of routine surveillance activities: alert reporting, investigations, active case finding, contact listing and follow-up, retrospective case and death record review.",[],"{""label"": ""neutral"", ""score"": 0.6582}"
Gety,01-06-2026,"Continuation of routine surveillance activities: alert reporting, investigations, active case finding, contact listing and follow-up, retrospective case and death record review.",[],"{""label"": ""neutral"", ""score"": 0.6582}"
Kilo,01-06-2026,"Continuation of routine surveillance activities: alert reporting, investigations, active case finding, contact listing and follow-up, retrospective case and death record review.",[],"{""label"": ""neutral"", ""score"": 0.6582}"
Komanda,01-06-2026,"Continuation of routine surveillance activities: alert reporting, investigations, active case finding, contact listing and follow-up, retrospective case and death record review.",[],"{""label"": ""neutral"", ""score"": 0.6582}"
Lita,01-06-2026,"Continuation of routine surveillance activities: alert reporting, investigations, active case finding, contact listing and follow-up, retrospective case and death record review.",[],"{""label"": ""neutral"", ""score"": 0.6582}"
Logo,01-06-2026,"Continuation of routine surveillance activities: alert reporting, investigations, active case finding, contact listing and follow-up, retrospective case and death record review.",[],"{""label"": ""neutral"", ""score"": 0.6582}"
Mambasa,01-06-2026,"Continuation of routine surveillance activities: alert reporting, investigations, active case finding, contact listing and follow-up, retrospective case and death record review.",[],"{""label"": ""neutral"", ""score"": 0.6582}"
Mangala,01-06-2026,"Continuation of routine surveillance activities: alert reporting, investigations, active case finding, contact listing and follow-up, retrospective case and death record review.",[],"{""label"": ""neutral"", ""score"": 0.6582}"
Mongbwalu,01-06-2026,"Continuation of routine surveillance activities: alert reporting, investigations, active case finding, contact listing and follow-up, retrospective case and death record review. | Briefing of IT officers on community-based surveillance (CBS) and EVD surveillance.","[{""type"": ""MISC"", ""value"": ""IT"", ""score"": 0.4757}, {""type"": ""ORG"", ""value"": ""CBS"", ""score"": 0.5553}, {""type"": ""ORG"", ""value"": ""E"", ""score"": 0.5753}, {""type"": ""MISC"", ""value"": ""##VD"", ""score"": 0.6107}]","{""label"": ""neutral"", ""score"": 0.738}"
Nizi,01-06-2026,"Continuation of routine surveillance activities: alert reporting, investigations, active case finding, contact listing and follow-up, retrospective case and death record review. | Community resistance to contact listing and follow-up around confirmed cases. | In-depth investigation around confirmed cases from 31 May 2026.",[],"{""label"": ""anger"", ""score"": 0.3614}"
Nyankunde,01-06-2026,"Continuation of routine surveillance activities: alert reporting, investigations, active case finding, contact listing and follow-up, retrospective case and death record review. | Briefing of IT officers on community-based surveillance (CBS) and EVD surveillance.","[{""type"": ""MISC"", ""value"": ""IT"", ""score"": 0.4757}, {""type"": ""ORG"", ""value"": ""CBS"", ""score"": 0.5553}, {""type"": ""ORG"", ""value"": ""E"", ""score"": 0.5753}, {""type"": ""MISC"", ""value"": ""##VD"", ""score"": 0.6107}]","{""label"": ""neutral"", ""score"": 0.738}"
Rwampara,01-06-2026,"Continuation of routine surveillance activities: alert reporting, investigations, active case finding, contact listing and follow-up, retrospective case and death record review. | Briefing of IT officers on community-based surveillance (CBS) and EVD surveillance.","[{""type"": ""MISC"", ""value"": ""IT"", ""score"": 0.4757}, {""type"": ""ORG"", ""value"": ""CBS"", ""score"": 0.5553}, {""type"": ""ORG"", ""value"": ""E"", ""score"": 0.5753}, {""type"": ""MISC"", ""value"": ""##VD"", ""score"": 0.6107}]","{""label"": ""neutral"", ""score"": 0.738}"
Beni,01-06-2026,"Continuation of routine surveillance activities: alert reporting, investigations, active case finding, contact listing and follow-up, retrospective case and death record review.",[],"{""label"": ""neutral"", ""score"": 0.6582}"
Butembo,01-06-2026,"Continuation of routine surveillance activities: alert reporting, investigations, active case finding, contact listing and follow-up, retrospective case and death record review.",[],"{""label"": ""neutral"", ""score"": 0.6582}"
Goma,01-06-2026,"Continuation of routine surveillance activities: alert reporting, investigations, active case finding, contact listing and follow-up, retrospective case and death record review.",[],"{""label"": ""neutral"", ""score"": 0.6582}"
Kalunguta,01-06-2026,"Continuation of routine surveillance activities: alert reporting, investigations, active case finding, contact listing and follow-up, retrospective case and death record review.",[],"{""label"": ""neutral"", ""score"": 0.6582}"
Katwa,01-06-2026,"Continuation of routine surveillance activities: alert reporting, investigations, active case finding, contact listing and follow-up, retrospective case and death record review.",[],"{""label"": ""neutral"", ""score"": 0.6582}"
Kyondo,01-06-2026,"Continuation of routine surveillance activities: alert reporting, investigations, active case finding, contact listing and follow-up, retrospective case and death record review.",[],"{""label"": ""neutral"", ""score"": 0.6582}"
Oicha,01-06-2026,"Continuation of routine surveillance activities: alert reporting, investigations, active case finding, contact listing and follow-up, retrospective case and death record review.",[],"{""label"": ""neutral"", ""score"": 0.6582}"
Miti-Murhesa,01-06-2026,"Continuation of routine surveillance activities: alert reporting, investigations, active case finding, contact listing and follow-up, retrospective case and death record review.",[],"{""label"": ""neutral"", ""score"": 0.6582}"
Rwampara,02-06-2026,"Continuation of routine surveillance activities: alert reporting, investigations, active case finding, contact listing and follow-up, retrospective case and death record review. | 7 new confirmed cases notified on 02 June 2026. | 32 contacts completed their 21-day follow-up successfully.",[],"{""label"": ""neutral"", ""score"": 0.4495}"
Bunia,02-06-2026,"Continuation of routine surveillance activities: alert reporting, investigations, active case finding, contact listing and follow-up, retrospective case and death record review. | 5 new confirmed cases notified on 02 June 2026. | Assault on SDB team at Bunia cemetery: 5 response workers injured.","[{""type"": ""ORG"", ""value"": ""SDB"", ""score"": 0.9151}, {""type"": ""LOC"", ""value"": ""B"", ""score"": 0.9964}, {""type"": ""LOC"", ""value"": ""##unia"", ""score"": 0.8009}]","{""label"": ""sadness"", ""score"": 0.7111}"
Nyankunde,02-06-2026,"Continuation of routine surveillance activities: alert reporting, investigations, active case finding, contact listing and follow-up, retrospective case and death record review. | 3 new confirmed cases notified on 02 June 2026.",[],"{""label"": ""neutral"", ""score"": 0.7211}"
Rimba,02-06-2026,Newly affected health zone (Ituri). 3 new confirmed cases notified on 02 June 2026. Bringing to 17 the number of affected health zones in Ituri province.,"[{""type"": ""LOC"", ""value"": ""It"", ""score"": 0.9767}, {""type"": ""LOC"", ""value"": ""It"", ""score"": 0.9942}, {""type"": ""LOC"", ""value"": ""##uri"", ""score"": 0.4345}]","{""label"": ""neutral"", ""score"": 0.425}"
Damas,02-06-2026,Continuation of routine surveillance activities. | 1 new confirmed case notified on 02 June 2026.,[],"{""label"": ""neutral"", ""score"": 0.4173}"
Aru,02-06-2026,"Continuation of routine surveillance activities: alert reporting, investigations, active case finding, contact listing and follow-up, retrospective case and death record review.",[],"{""label"": ""neutral"", ""score"": 0.6582}"
Aungba,02-06-2026,"Continuation of routine surveillance activities: alert reporting, investigations, active case finding, contact listing and follow-up, retrospective case and death record review.",[],"{""label"": ""neutral"", ""score"": 0.6582}"
Bambu,02-06-2026,"Continuation of routine surveillance activities: alert reporting, investigations, active case finding, contact listing and follow-up, retrospective case and death record review.",[],"{""label"": ""neutral"", ""score"": 0.6582}"
Gety,02-06-2026,"Continuation of routine surveillance activities: alert reporting, investigations, active case finding, contact listing and follow-up, retrospective case and death record review.",[],"{""label"": ""neutral"", ""score"": 0.6582}"
Kilo,02-06-2026,"Continuation of routine surveillance activities: alert reporting, investigations, active case finding, contact listing and follow-up, retrospective case and death record review.",[],"{""label"": ""neutral"", ""score"": 0.6582}"
Komanda,02-06-2026,"Continuation of routine surveillance activities: alert reporting, investigations, active case finding, contact listing and follow-up, retrospective case and death record review.",[],"{""label"": ""neutral"", ""score"": 0.6582}"
Lita,02-06-2026,"Continuation of routine surveillance activities: alert reporting, investigations, active case finding, contact listing and follow-up, retrospective case and death record review.",[],"{""label"": ""neutral"", ""score"": 0.6582}"
Logo,02-06-2026,"Continuation of routine surveillance activities: alert reporting, investigations, active case finding, contact listing and follow-up, retrospective case and death record review.",[],"{""label"": ""neutral"", ""score"": 0.6582}"
Mambasa,02-06-2026,"Continuation of routine surveillance activities: alert reporting, investigations, active case finding, contact listing and follow-up, retrospective case and death record review.",[],"{""label"": ""neutral"", ""score"": 0.6582}"
Mangala,02-06-2026,"Continuation of routine surveillance activities: alert reporting, investigations, active case finding, contact listing and follow-up, retrospective case and death record review.",[],"{""label"": ""neutral"", ""score"": 0.6582}"
Mongbwalu,02-06-2026,"Continuation of routine surveillance activities: alert reporting, investigations, active case finding, contact listing and follow-up, retrospective case and death record review. | Joint mission (DG INSP, WHO IM, UNICEF FP, WFP) — evaluation of EVD response activities and engagement with politico-administrative authorities and community leaders on their roles in prevention, early case detection and barrier measures.","[{""type"": ""ORG"", ""value"": ""DG INSP"", ""score"": 0.9691}, {""type"": ""ORG"", ""value"": ""WHO IM"", ""score"": 0.9702}, {""type"": ""ORG"", ""value"": ""UNICEF FP"", ""score"": 0.9127}, {""type"": ""ORG"", ""value"": ""WFP"", ""score"": 0.9961}, {""type"": ""ORG"", ""value"": ""E"", ""score"": 0.7225}]","{""label"": ""neutral"", ""score"": 0.7785}"
Nizi,02-06-2026,"Continuation of routine surveillance activities: alert reporting, investigations, active case finding, contact listing and follow-up, retrospective case and death record review.",[],"{""label"": ""neutral"", ""score"": 0.6582}"
Beni,02-06-2026,"Continuation of routine surveillance activities: alert reporting, investigations, active case finding, contact listing and follow-up, retrospective case and death record review.",[],"{""label"": ""neutral"", ""score"": 0.6582}"
Butembo,02-06-2026,"Continuation of routine surveillance activities: alert reporting, investigations, active case finding, contact listing and follow-up, retrospective case and death record review.",[],"{""label"": ""neutral"", ""score"": 0.6582}"
Goma,02-06-2026,Continuation of routine surveillance activities. | Preparation under way for discharge of first recovered patient — planned for 03 June 2026.,[],"{""label"": ""neutral"", ""score"": 0.4858}"
Kalunguta,02-06-2026,"Continuation of routine surveillance activities: alert reporting, investigations, active case finding, contact listing and follow-up, retrospective case and death record review.",[],"{""label"": ""neutral"", ""score"": 0.6582}"
Katwa,02-06-2026,"Continuation of routine surveillance activities: alert reporting, investigations, active case finding, contact listing and follow-up, retrospective case and death record review.",[],"{""label"": ""neutral"", ""score"": 0.6582}"
Kyondo,02-06-2026,"Continuation of routine surveillance activities: alert reporting, investigations, active case finding, contact listing and follow-up, retrospective case and death record review.",[],"{""label"": ""neutral"", ""score"": 0.6582}"
Oicha,02-06-2026,"Continuation of routine surveillance activities: alert reporting, investigations, active case finding, contact listing and follow-up, retrospective case and death record review.",[],"{""label"": ""neutral"", ""score"": 0.6582}"
Miti-Murhesa,02-06-2026,"Continuation of routine surveillance activities: alert reporting, investigations, active case finding, contact listing and follow-up, retrospective case and death record review.",[],"{""label"": ""neutral"", ""score"": 0.6582}"
Bunia,03-06-2026,Cumulative confirmed cases: 97 | Deaths: 9 | CFR: 9.3%. New cases: 12. Discovery of 2 bodies in Salongo neighbourhood awaiting EDS.,"[{""type"": ""LOC"", ""value"": ""Salongo"", ""score"": 0.97}, {""type"": ""ORG"", ""value"": ""E"", ""score"": 0.7266}]","{""label"": ""neutral"", ""score"": 0.7508}"
Rwampara,03-06-2026,"Cumulative confirmed cases: 76 | Deaths: 16 | CFR: 21.1%. New cases: 4. Alerts raised: 166* | Investigated (24h): 88* | Investigation rate: 62%* | Validated alerts: 141. *Partial data for Ituri: 154 new alerts out of 166; investigation ongoing for alerts reported the previous day. New contacts listed: Rwampara 93, Bunia 55, Nyankunde 45, Komanda 28, Aungba 11 (total 232 new contacts). Contacts under follow-up: 3 837 (2 032 seen in 24h, rate 53.0%). Evasion of 2 confirmed cases and 17 suspects in Ituri.","[{""type"": ""ORG"", ""value"": ""It"", ""score"": 0.7764}, {""type"": ""PER"", ""value"": ""R"", ""score"": 0.5651}, {""type"": ""ORG"", ""value"": ""##mpara"", ""score"": 0.7042}, {""type"": ""PER"", ""value"": ""B"", ""score"": 0.9384}, {""type"": ""PER"", ""value"": ""##uni"", ""score"": 0.5093}, {""type"": ""ORG"", ""value"": ""##a"", ""score"": 0.4535}, {""type"": ""PER"", ""value"": ""Nyanku"", ""score"": 0.6306}, {""type"": ""PER"", ""value"": ""Komand"", ""score"": 0.901}, {""type"": ""ORG"", ""value"": ""Aungba"", ""score"": 0.6984}, {""type"": ""LOC"", ""value"": ""Ituri"", ""score"": 0.6712}]","{""label"": ""neutral"", ""score"": 0.7488}"
Mongbwalu,03-06-2026,Cumulative confirmed cases: 47 | Deaths: 10 | CFR: 21.3%. New cases: 0.,[],"{""label"": ""neutral"", ""score"": 0.7183}"
Nyankunde,03-06-2026,Cumulative confirmed cases: 22 | Deaths: 1 | CFR: 4.5%. New cases: 0. New contacts: 45.,[],"{""label"": ""neutral"", ""score"": 0.6731}"
Damas,03-06-2026,Cumulative confirmed cases: 3 | Deaths: 0 | CFR: 0.0%. New cases: 1.,[],"{""label"": ""neutral"", ""score"": 0.7219}"
Lita,03-06-2026,Cumulative confirmed cases: 2 | Deaths: 0 | CFR: 0.0%. New cases: 1. 94 additional cases pending breakdown across other Ituri health zones.,"[{""type"": ""ORG"", ""value"": ""It"", ""score"": 0.5965}]","{""label"": ""neutral"", ""score"": 0.6618}"
Katwa,03-06-2026,Cumulative confirmed cases: 7 | Deaths: 5 | CFR: 71.4%.,[],"{""label"": ""neutral"", ""score"": 0.7576}"
Beni,03-06-2026,Cumulative confirmed cases: 5 | Deaths: 3 | CFR: 60.0%.,[],"{""label"": ""neutral"", ""score"": 0.7801}"
Butembo,03-06-2026,Cumulative confirmed cases: 2 | Deaths: 2 | CFR: 100.0%.,[],"{""label"": ""neutral"", ""score"": 0.8172}"
Oicha,03-06-2026,"Cumulative confirmed cases: 2 | Deaths: 2 | CFR: 100.0%. Response activities paralysed due to popular demonstrations and massacre of approx. 24 civilians at Mbau, attributed to presumed ADF.","[{""type"": ""LOC"", ""value"": ""Mba"", ""score"": 0.7477}, {""type"": ""ORG"", ""value"": ""AD"", ""score"": 0.9634}]","{""label"": ""fear"", ""score"": 0.8927}"
Goma,03-06-2026,"Cumulative confirmed cases: 1 | Deaths: 0 | CFR: 0.0%. Official discharge of first recovered patient.Alerts raised: 237 | Investigated (24h): 216 | Investigation rate: 91% | Validated: 45. Contacts under follow-up: 533 (343 seen in 24h, rate 64.4%). Disparities: Goma, Nyiragongo, Oicha at 100%; Kalunguta at 0%. New cases: 0.","[{""type"": ""PER"", ""value"": ""Go"", ""score"": 0.9874}, {""type"": ""PER"", ""value"": ""N"", ""score"": 0.9569}, {""type"": ""PER"", ""value"": ""##ragong"", ""score"": 0.5969}, {""type"": ""PER"", ""value"": ""O"", ""score"": 0.9781}, {""type"": ""PER"", ""value"": ""Ka"", ""score"": 0.9911}]","{""label"": ""neutral"", ""score"": 0.6594}"
Miti-Murhesa,03-06-2026,"Cumulative confirmed cases: 3 | Deaths: 1 | CFR: 33.3%. 1 confirmed case evaded from CTE Lwiro. Alerts raised: 6 | Investigated (24h): 6 | Investigation rate: 100% | Validated: 0. Contacts under follow-up: 181 (150 seen in 24h, rate 82.9%). New cases: 0.","[{""type"": ""ORG"", ""value"": ""CT"", ""score"": 0.9285}, {""type"": ""ORG"", ""value"": ""Lwiro"", ""score"": 0.8648}]","{""label"": ""neutral"", ""score"": 0.7742}"
Bunia,04-06-2026,"Alerts: 146 raised, 133 investigated (91.1%), 104 validated. Contact tracing: 3,997 contacts under follow-up, 2,181 seen (54.6%) — persistent weak performance, similar to previous 24h. Routine activities: alert reporting, investigations, active case search, contact listing and follow-up, retrospective documentary review of cases and deaths. In-depth investigations conducted around confirmed cases in affected HZ: Bunia, Nyankunde and Rwampara.","[{""type"": ""LOC"", ""value"": ""B"", ""score"": 0.7094}, {""type"": ""LOC"", ""value"": ""##unia"", ""score"": 0.4285}, {""type"": ""LOC"", ""value"": ""Nyankunde"", ""score"": 0.8165}, {""type"": ""LOC"", ""value"": ""Rwampara"", ""score"": 0.7512}]","{""label"": ""neutral"", ""score"": 0.8928}"
Beni,04-06-2026,"Alerts: 236 raised, 215 investigated (91.1%), 44 validated. Contact tracing: 589 contacts under follow-up, 424 seen (72.0%) — improvement vs previous day.",[],"{""label"": ""neutral"", ""score"": 0.8486}"
Miti-Murhesa,04-06-2026,"Alerts: 12 raised, 11 investigated (91.7%), 5 validated. Contact tracing: 180 contacts under follow-up, 150 seen (83.3%).",[],"{""label"": ""neutral"", ""score"": 0.8408}"
Bunia,05-06-2026,"Routine surveillance activities (alert reporting, investigations, active case search, contact listing and follow-up, retrospective case and death record review). In-depth investigations around confirmed cases in affected health zones (Bunia, Nyankunde and Rwampara). Alerts: 97 raised, 97 investigated (100%), 72 validated (74.2%). Contact tracing: 4,281 contacts under follow-up, 2,701 seen (63.1%) — improvement vs previous day (54.6%).","[{""type"": ""LOC"", ""value"": ""B"", ""score"": 0.9561}, {""type"": ""LOC"", ""value"": ""##unia"", ""score"": 0.8604}, {""type"": ""LOC"", ""value"": ""Nyankunde"", ""score"": 0.8254}, {""type"": ""LOC"", ""value"": ""Rwampara"", ""score"": 0.8977}]","{""label"": ""neutral"", ""score"": 0.867}"
Beni,05-06-2026,"Alerts: 340 raised, 340 investigated (100%), 40 validated (11.8%). Contact tracing: 689 contacts under follow-up, 578 seen (83.9%) — improvement vs previous day (72.0%).",[],"{""label"": ""neutral"", ""score"": 0.8397}"
Miti-Murhesa,05-06-2026,"Alerts: 8 raised, 8 investigated (100%), 7 validated (87.5%). Contact tracing: 187 contacts under follow-up, 184 seen (98.4%).",[],"{""label"": ""neutral"", ""score"": 0.8622}"
Mongbwalu,05-06-2026,"Deployment of a national PoE/PoC supervisor in Mongbwalu HZ. Activation of Pont Shari PoC. Indicators: 12/55 PoC activated (21.8%); 22,547 travellers passed, 98.2% screened (2.0% refusal), 97.4% handwashing (2.6% refusal), 98.4% sensitised; 3 alerts notified, 2 investigated (66.6%), 1 validated, 1 transferred to CT/ETC or for SDB.","[{""type"": ""ORG"", ""value"": ""PoE / PoC"", ""score"": 0.9118}, {""type"": ""LOC"", ""value"": ""Mongbwalu HZ"", ""score"": 0.8923}, {""type"": ""ORG"", ""value"": ""Pont Shari PoC"", ""score"": 0.9908}, {""type"": ""ORG"", ""value"": ""PoC"", ""score"": 0.8489}, {""type"": ""ORG"", ""value"": ""CT / ETC"", ""score"": 0.8722}, {""type"": ""ORG"", ""value"": ""SDB"", ""score"": 0.9295}]","{""label"": ""neutral"", ""score"": 0.8459}"
Rwampara,06-06-2026,"Alerts: 134 raised, 111 investigated (82.8% — lowest rate), 86 validated. Contact tracing: 4,118 contacts under follow-up, 1,779 seen (43.2%). In-depth investigations conducted around confirmed cases in affected HZ. 210 contacts completed their 21-day follow-up and were discharged (Bunia 110, Rwampara 100).","[{""type"": ""MISC"", ""value"": ""H"", ""score"": 0.5994}, {""type"": ""LOC"", ""value"": ""##Z"", ""score"": 0.5166}, {""type"": ""ORG"", ""value"": ""B"", ""score"": 0.8049}, {""type"": ""ORG"", ""value"": ""R"", ""score"": 0.9324}, {""type"": ""ORG"", ""value"": ""##mpara"", ""score"": 0.8484}]","{""label"": ""neutral"", ""score"": 0.8335}"
Bunia,07-06-2026,Support for briefing of 23 head nurses of Bunia HZ on the importance of contact listing and follow-up through the DHIS2 tool.,"[{""type"": ""ORG"", ""value"": ""Bunia HZ"", ""score"": 0.8193}, {""type"": ""MISC"", ""value"": ""D"", ""score"": 0.9223}]","{""label"": ""neutral"", ""score"": 0.8229}"
Rwampara,09-06-2026,215 new contacts listed. 25 contacts completed their 21-day follow-up.,[],"{""label"": ""neutral"", ""score"": 0.4847}"
Bunia,09-06-2026,154 new contacts listed.,[],"{""label"": ""neutral"", ""score"": 0.7113}"
Mongbwalu,09-06-2026,70 new contacts listed.,[],"{""label"": ""neutral"", ""score"": 0.6397}"
Nyankunde,09-06-2026,381 contacts completed their 21-day follow-up.s,[],"{""label"": ""neutral"", ""score"": 0.7552}"
Lita,11-06-2026,115 new contacts listed.,[],"{""label"": ""neutral"", ""score"": 0.786}"
Nizi,11-06-2026,101 new contacts listed.,[],"{""label"": ""neutral"", ""score"": 0.6043}"
Bambu,11-06-2026,14 new contacts listed.,[],"{""label"": ""neutral"", ""score"": 0.5684}"
Kambala,11-06-2026,4 new contacts listed.,[],"{""label"": ""neutral"", ""score"": 0.5706}"
Rwampara,23-06-2026,Monitoring of Rwampara ETC extension works. Gradual improvement of technical platform. Continued patient transfers from health facilities/communities to care sites.,"[{""type"": ""ORG"", ""value"": ""Rwampara ETC"", ""score"": 0.9172}]","{""label"": ""neutral"", ""score"": 0.9411}"
Rwampara,24-06-2026,Monitoring of ETC extension works (Rwampara and HGR Bunia). Gradual improvement of technical platform. Patient transfers from health facilities/communities to care sites. Briefing on data reporting at Elikya ETC.,"[{""type"": ""ORG"", ""value"": ""ETC"", ""score"": 0.9982}, {""type"": ""ORG"", ""value"": ""Rwampara"", ""score"": 0.9671}, {""type"": ""ORG"", ""value"": ""HGR Bunia"", ""score"": 0.9489}, {""type"": ""ORG"", ""value"": ""Elikya ETC"", ""score"": 0.9478}]","{""label"": ""neutral"", ""score"": 0.9356}"
Rwampara,25-06-2026,Monitoring of ETC extension works (Rwampara and HGR Bunia). Gradual improvement of technical platform. Patient transfers from health facilities/communities to care sites. Briefing on data reporting at Elikya ETC.,"[{""type"": ""ORG"", ""value"": ""ETC"", ""score"": 0.9982}, {""type"": ""ORG"", ""value"": ""Rwampara"", ""score"": 0.9671}, {""type"": ""ORG"", ""value"": ""HGR Bunia"", ""score"": 0.9489}, {""type"": ""ORG"", ""value"": ""Elikya ETC"", ""score"": 0.9478}]","{""label"": ""neutral"", ""score"": 0.9356}"
